5oVOiR69Pz0_30000_40000.wav	0.0	10.0	Noise
hXhAj2WYMYo_160000_170000.wav	0.0	10.0	Voice
hXhAj2WYMYo_160000_170000.wav	0.0	10.0	Noise
GYJGgkHnfd8_30000_40000.wav	0.0	10.0	Noise
yU83lC7mZvc_320000_330000.wav	0.0	10.0	Voice
yU83lC7mZvc_320000_330000.wav	0.0	10.0	Noise
WGnbwz6T8lM_30000_40000.wav	0.0	10.0	Noise
OVwAzOyvG0U_30000_40000.wav	0.0	10.0	Noise
1-hx1KGiTwY_80000_90000.wav	0.0	10.0	Voice
1-hx1KGiTwY_80000_90000.wav	0.0	10.0	Noise
o-3pNx8xouI_60000_70000.wav	0.0	10.0	Noise
hkHpllrSu0s_50000_60000.wav	0.0	10.0	Noise
I74QGuP_QD8_40000_50000.wav	0.0	10.0	Noise
ACPEFXeCx9k_120000_130000.wav	0.0	10.0	Noise
wdFUIHCht9Q_90000_100000.wav	0.0	10.0	Voice
wdFUIHCht9Q_90000_100000.wav	0.0	10.0	Noise
JlHKrV9BWz8_30000_40000.wav	0.0	10.0	Voice
5hUzPKKcM3c_30000_40000.wav	0.0	10.0	Voice
0Dl5xLfjuQc_30000_40000.wav	0.0	10.0	Voice
0Dl5xLfjuQc_30000_40000.wav	0.0	10.0	Noise
HB4WyfrO3QQ_30000_40000.wav	0.0	10.0	Voice
HB4WyfrO3QQ_30000_40000.wav	0.0	10.0	Noise
pAvk3k0LPtI_220000_230000.wav	0.0	10.0	Noise
1uKxYZzFJXM_80000_90000.wav	0.0	10.0	Noise
pgxL0VwV3fE_80000_90000.wav	0.0	10.0	Voice
pgxL0VwV3fE_80000_90000.wav	0.0	10.0	Noise
ofSSMcLb66I_40000_50000.wav	0.0	10.0	Noise
MWWihdWE2FE_60000_70000.wav	0.0	10.0	Voice
hgdXZNZ19J0_90000_100000.wav	0.0	10.0	Voice
qd3911T8J-8_210000_220000.wav	0.0	10.0	Voice
qZSWarl6xMM_30000_40000.wav	0.0	10.0	Voice
FnMepjsGoDo_290000_300000.wav	0.0	10.0	Noise
_KdZtvssKV8_30000_40000.wav	0.0	10.0	Noise
EbrWhAx0-ac_300000_310000.wav	0.0	10.0	Noise
9NgApnVsGU0_520000_530000.wav	0.0	10.0	Noise
4TyXZL3uQkI_30000_40000.wav	0.0	10.0	Voice
aR_-49c7Bj8_0_10000.wav	0.0	10.0	Voice
aR_-49c7Bj8_0_10000.wav	0.0	10.0	Noise
he-7oT0u6Hs_10000_20000.wav	0.0	10.0	Voice
he-7oT0u6Hs_10000_20000.wav	0.0	10.0	Noise
Fb760LthdPA_110000_120000.wav	0.0	10.0	Voice
19TtrB97mKY_20000_30000.wav	0.0	10.0	Voice
tymLBgVN5to_30000_40000.wav	0.0	10.0	Voice
75fSBm17NQ0_30000_40000.wav	0.0	10.0	Voice
6DUS-6AgghM_30000_40000.wav	0.0	10.0	Voice
6DUS-6AgghM_30000_40000.wav	0.0	10.0	Noise
4idWNR_VKZI_21000_31000.wav	0.0	10.0	Voice
4idWNR_VKZI_21000_31000.wav	0.0	10.0	Noise
XmGxjAaCjg0_170000_180000.wav	0.0	10.0	Noise
71z2FkTjfok_30000_40000.wav	0.0	10.0	Noise
AXPITWhqpj4_60000_70000.wav	0.0	10.0	Voice
rF0LX0B7jyo_300000_310000.wav	0.0	10.0	Voice
rF0LX0B7jyo_300000_310000.wav	0.0	10.0	Noise
NchhRU2fJGI_30000_40000.wav	0.0	10.0	Voice
NchhRU2fJGI_30000_40000.wav	0.0	10.0	Noise
3T9vSTxmwD0_11000_21000.wav	0.0	10.0	Voice
3T9vSTxmwD0_11000_21000.wav	0.0	10.0	Noise
2ATRc7EonvI_30000_40000.wav	0.0	10.0	Noise
ZNmZSqMiDco_0_6000.wav	0.0	10.0	Voice
ZNmZSqMiDco_0_6000.wav	0.0	10.0	Noise
5Kr-XTGhWmw_30000_40000.wav	0.0	10.0	Voice
rgnSV62FjqY_30000_40000.wav	0.0	10.0	Voice
rgnSV62FjqY_30000_40000.wav	0.0	10.0	Noise
4rqs4ekIm9g_30000_40000.wav	0.0	10.0	Voice
4rqs4ekIm9g_30000_40000.wav	0.0	10.0	Noise
86KkrohRK8c_30000_40000.wav	0.0	10.0	Noise
vSaXhLqOOfM_350000_360000.wav	0.0	10.0	Voice
vSaXhLqOOfM_350000_360000.wav	0.0	10.0	Noise
1uyBnGxh_14_70000_80000.wav	0.0	10.0	Noise
7XuIzJ7KGMs_40000_50000.wav	0.0	10.0	Noise
5_pn727I2-E_30000_40000.wav	0.0	10.0	Voice
5_pn727I2-E_30000_40000.wav	0.0	10.0	Noise
l0kEWRyGgO8_330000_340000.wav	0.0	10.0	Voice
l0kEWRyGgO8_330000_340000.wav	0.0	10.0	Noise
DgkoAXQ8ssc_20000_30000.wav	0.0	10.0	Voice
DgkoAXQ8ssc_20000_30000.wav	0.0	10.0	Noise
qHcGinQK4ZI_210000_220000.wav	0.0	10.0	Noise
18mS4cLPOb8_50000_60000.wav	0.0	10.0	Voice
KzoJpKd2tkA_30000_40000.wav	0.0	10.0	Voice
KzoJpKd2tkA_30000_40000.wav	0.0	10.0	Noise
UUqzbuZo550_14000_24000.wav	0.0	10.0	Noise
SZcQ6AGd9YY_160000_170000.wav	0.0	10.0	Voice
SZcQ6AGd9YY_160000_170000.wav	0.0	10.0	Noise
mxDyPBWUCaQ_30000_40000.wav	0.0	10.0	Voice
mxDyPBWUCaQ_30000_40000.wav	0.0	10.0	Noise
4gkfTfcvoYY_40000_50000.wav	0.0	10.0	Voice
4gkfTfcvoYY_40000_50000.wav	0.0	10.0	Noise
DVNai7qeJz4_30000_40000.wav	0.0	10.0	Noise
FLnpptGWMP0_30000_40000.wav	0.0	10.0	Noise
-7prSwkSezc_50000_60000.wav	0.0	10.0	Voice
-7prSwkSezc_50000_60000.wav	0.0	10.0	Noise
BLvSBFfkXbg_30000_40000.wav	0.0	10.0	Voice
51cXLN-FJuE_20000_30000.wav	0.0	10.0	Voice
po1aNnVhbvU_80000_90000.wav	0.0	10.0	Voice
po1aNnVhbvU_80000_90000.wav	0.0	10.0	Noise
_yKddTXMnNg_40000_50000.wav	0.0	10.0	Noise
KMPF_1TQi8c_150000_160000.wav	0.0	10.0	Noise
sK4PNV9RcR8_80000_90000.wav	0.0	10.0	Noise
Ny0xLqr4aKw_30000_40000.wav	0.0	10.0	Voice
Ny0xLqr4aKw_30000_40000.wav	0.0	10.0	Noise
hNGGQVVLXpA_0_10000.wav	0.0	10.0	Voice
hNGGQVVLXpA_0_10000.wav	0.0	10.0	Noise
_L8GaW7zj5A_30000_40000.wav	0.0	10.0	Noise
fyBySIcBk8E_120000_130000.wav	0.0	10.0	Voice
1lR7mkXfN08_30000_40000.wav	0.0	10.0	Noise
4i_geMAMNoM_30000_40000.wav	0.0	10.0	Noise
-OMB-w3LPNY_190000_200000.wav	0.0	10.0	Voice
-OMB-w3LPNY_190000_200000.wav	0.0	10.0	Noise
zABi1bzJgeY_310000_320000.wav	0.0	10.0	Voice
u2NVI1guAds_60000_70000.wav	0.0	10.0	Noise
-yv4JUOevvA_430000_440000.wav	0.0	10.0	Noise
--4gqARaEJE_0_10000.wav	0.0	10.0	Noise
5Ehgo2dKD3c_300000_310000.wav	0.0	10.0	Voice
5Ehgo2dKD3c_300000_310000.wav	0.0	10.0	Noise
GPRfS66dF2A_40000_50000.wav	0.0	10.0	Voice
GPRfS66dF2A_40000_50000.wav	0.0	10.0	Noise
wQiOOEC9S4g_60000_70000.wav	0.0	10.0	Noise
7iBbUpFEfUs_350000_360000.wav	0.0	10.0	Voice
9ebafY4yFqc_0_10000.wav	0.0	10.0	Voice
9ebafY4yFqc_0_10000.wav	0.0	10.0	Noise
5sua5l4L19Y_150000_160000.wav	0.0	10.0	Noise
WiVLZGN6jkU_0_10000.wav	0.0	10.0	Noise
EgI1uAxXfew_30000_40000.wav	0.0	10.0	Voice
r0nN3lqBdjg_100000_110000.wav	0.0	10.0	Noise
JHQBPWH0UpU_30000_40000.wav	0.0	10.0	Noise
1gmWdZkruFk_30000_40000.wav	0.0	10.0	Voice
ztgnSZwfvwg_30000_40000.wav	0.0	10.0	Voice
IjF9ZJQG8SM_10000_20000.wav	0.0	10.0	Voice
2JgoGMg1v5Q_30000_40000.wav	0.0	10.0	Voice
2JgoGMg1v5Q_30000_40000.wav	0.0	10.0	Noise
bmufu-La6ms_21000_31000.wav	0.0	10.0	Noise
aLnpHdhIqWE_0_7000.wav	0.0	10.0	Voice
aLnpHdhIqWE_0_7000.wav	0.0	10.0	Noise
-kE7IL6pnKU_20000_30000.wav	0.0	10.0	Voice
-kE7IL6pnKU_20000_30000.wav	0.0	10.0	Noise
R6IO72ggTmI_80000_90000.wav	0.0	10.0	Voice
1UaP-qZFIgg_30000_40000.wav	0.0	10.0	Voice
1UaP-qZFIgg_30000_40000.wav	0.0	10.0	Noise
lK2fHm0V04o_410000_420000.wav	0.0	10.0	Voice
lK2fHm0V04o_410000_420000.wav	0.0	10.0	Noise
f2yQSLya_IQ_140000_150000.wav	0.0	10.0	Voice
c4cNk6BEj3U_10000_20000.wav	0.0	10.0	Noise
kD1OGKvp3rI_90000_100000.wav	0.0	10.0	Noise
TKfseKsqfQM_30000_40000.wav	0.0	10.0	Voice
TKfseKsqfQM_30000_40000.wav	0.0	10.0	Noise
Cwt7hCUOCDY_30000_40000.wav	0.0	10.0	Voice
Cwt7hCUOCDY_30000_40000.wav	0.0	10.0	Noise
zh_2WI1D3Zk_0_10000.wav	0.0	10.0	Noise
rbFERdw5RZw_190000_200000.wav	0.0	10.0	Voice
rbFERdw5RZw_190000_200000.wav	0.0	10.0	Noise
gTQHN7HToIU_40000_50000.wav	0.0	10.0	Voice
8RPUXWeXhSQ_90000_100000.wav	0.0	10.0	Noise
6DIXkRDiyvQ_30000_40000.wav	0.0	10.0	Voice
Usz7ZnOHaxY_30000_40000.wav	0.0	10.0	Noise
E4he5zjfuzc_30000_40000.wav	0.0	10.0	Voice
tUIVZ_NR59k_170000_180000.wav	0.0	10.0	Noise
epZYmMf8OUw_30000_40000.wav	0.0	10.0	Noise
wse2OkZ1Pxw_80000_90000.wav	0.0	10.0	Voice
rfFOv4Vqahc_30000_40000.wav	0.0	10.0	Voice
rfFOv4Vqahc_30000_40000.wav	0.0	10.0	Noise
_G_QyKM_9oQ_450000_460000.wav	0.0	10.0	Voice
8ws1ligErwo_0_10000.wav	0.0	10.0	Voice
8ws1ligErwo_0_10000.wav	0.0	10.0	Noise
nRPu3W6RQ_A_240000_250000.wav	0.0	10.0	Voice
nRPu3W6RQ_A_240000_250000.wav	0.0	10.0	Noise
c8oLmg17xRY_210000_220000.wav	0.0	10.0	Voice
Go4TOy0z6tg_40000_50000.wav	0.0	10.0	Noise
acGYSVFY7U0_140000_150000.wav	0.0	10.0	Voice
acGYSVFY7U0_140000_150000.wav	0.0	10.0	Noise
ii7RyaQ-slk_440000_450000.wav	0.0	10.0	Voice
ii7RyaQ-slk_440000_450000.wav	0.0	10.0	Noise
P6TNh2GI5Z4_260000_270000.wav	0.0	10.0	Noise
NuMp4zOZEbY_10000_20000.wav	0.0	10.0	Voice
NuMp4zOZEbY_10000_20000.wav	0.0	10.0	Noise
6GLdYuzYc58_10000_20000.wav	0.0	10.0	Noise
rDeldp48b1M_80000_90000.wav	0.0	10.0	Voice
kSjvt2Z_pBo_30000_40000.wav	0.0	10.0	Noise
wbaPUxfnCK4_550000_560000.wav	0.0	10.0	Noise
GTSgiG--q0c_140000_150000.wav	0.0	10.0	Voice
AhhJYe2nUdU_10000_20000.wav	0.0	10.0	Voice
AhhJYe2nUdU_10000_20000.wav	0.0	10.0	Noise
E7faKafdDAQ_10000_20000.wav	0.0	10.0	Noise
CL9m1ci5q6o_30000_40000.wav	0.0	10.0	Voice
CL9m1ci5q6o_30000_40000.wav	0.0	10.0	Noise
YN4VaQeiRh4_580000_590000.wav	0.0	10.0	Noise
zVAQO1gJCVs_10000_20000.wav	0.0	10.0	Noise
oAjBZqhxuOs_100000_110000.wav	0.0	10.0	Voice
oAjBZqhxuOs_100000_110000.wav	0.0	10.0	Noise
ZBBbiFItDzg_24000_34000.wav	0.0	10.0	Noise
0sAEJmWFhzc_460000_470000.wav	0.0	10.0	Voice
2EaB-3bu9ko_30000_40000.wav	0.0	10.0	Voice
4TyVq1Qeqtw_90000_100000.wav	0.0	10.0	Voice
4TyVq1Qeqtw_90000_100000.wav	0.0	10.0	Noise
W35ri76YNV4_30000_40000.wav	0.0	10.0	Noise
pQdkDp32yq8_560000_570000.wav	0.0	10.0	Noise
XjFF_DpiBHY_7000_17000.wav	0.0	10.0	Noise
SrzyXkH0d2E_460000_470000.wav	0.0	10.0	Noise
HaTeuIGtubk_30000_40000.wav	0.0	10.0	Voice
HaTeuIGtubk_30000_40000.wav	0.0	10.0	Noise
ByTPlO6Ji18_30000_40000.wav	0.0	10.0	Voice
2xAzecdnV80_90000_100000.wav	0.0	10.0	Voice
YdjvBZdrGuo_10000_20000.wav	0.0	10.0	Voice
OoBTNAlY0qc_100000_110000.wav	0.0	10.0	Noise
sgz2iY7mdBA_40000_50000.wav	0.0	10.0	Noise
ta0DWBZJWlg_350000_360000.wav	0.0	10.0	Voice
ta0DWBZJWlg_350000_360000.wav	0.0	10.0	Noise
b_avPAzjU6Y_310000_320000.wav	0.0	10.0	Voice
b_avPAzjU6Y_310000_320000.wav	0.0	10.0	Noise
m8t6gPBCxr8_20000_30000.wav	0.0	10.0	Voice
m8t6gPBCxr8_20000_30000.wav	0.0	10.0	Noise
PNczg-V4Jac_140000_150000.wav	0.0	10.0	Voice
utcwGWTtJfM_30000_40000.wav	0.0	10.0	Noise
u2Qa54uHYX8_10000_20000.wav	0.0	10.0	Voice
u2Qa54uHYX8_10000_20000.wav	0.0	10.0	Noise
BlTzGX6OR3s_30000_40000.wav	0.0	10.0	Voice
DpagxUQwXDo_30000_40000.wav	0.0	10.0	Noise
JTZVKtokW8Q_240000_250000.wav	0.0	10.0	Voice
UJAVJkUtmqU_30000_40000.wav	0.0	10.0	Noise
0Ys183q7d-4_30000_40000.wav	0.0	10.0	Noise
1SJi-jQf_2s_260000_270000.wav	0.0	10.0	Noise
Apwyd6hD4Vk_30000_40000.wav	0.0	10.0	Noise
j1M9xaOrnwA_100000_110000.wav	0.0	10.0	Voice
j1M9xaOrnwA_100000_110000.wav	0.0	10.0	Noise
CAxrZhNOpMk_30000_40000.wav	0.0	10.0	Noise
d3MlGBevrWM_490000_500000.wav	0.0	10.0	Voice
d3MlGBevrWM_490000_500000.wav	0.0	10.0	Noise
iul83HKhHBg_0_10000.wav	0.0	10.0	Voice
iul83HKhHBg_0_10000.wav	0.0	10.0	Noise
yB9PdXxCCwY_290000_300000.wav	0.0	10.0	Noise
DE0e-NjQA_0_10000_20000.wav	0.0	10.0	Voice
DE0e-NjQA_0_10000_20000.wav	0.0	10.0	Noise
D1YvrqyUwTI_40000_50000.wav	0.0	10.0	Voice
urohnyiPXAY_60000_70000.wav	0.0	10.0	Voice
PCZvfhq6oWo_120000_130000.wav	0.0	10.0	Voice
PCZvfhq6oWo_120000_130000.wav	0.0	10.0	Noise
69FDGuqqDNY_130000_140000.wav	0.0	10.0	Noise
-iIv5t2qKL4_30000_40000.wav	0.0	10.0	Voice
-iIv5t2qKL4_30000_40000.wav	0.0	10.0	Noise
RK97seBw4tQ_10000_20000.wav	0.0	10.0	Voice
RK97seBw4tQ_10000_20000.wav	0.0	10.0	Noise
RuYpxc0DF9k_380000_390000.wav	0.0	10.0	Noise
b4g6mR3K2VY_10000_20000.wav	0.0	10.0	Voice
1Y8DylGdUCc_190000_200000.wav	0.0	10.0	Noise
Cx9QFH9OzuI_30000_40000.wav	0.0	10.0	Voice
Cx9QFH9OzuI_30000_40000.wav	0.0	10.0	Noise
4VJRyGdM3yI_30000_40000.wav	0.0	10.0	Noise
qXYuV-vgOOY_30000_40000.wav	0.0	10.0	Noise
7VhYGu3FCTQ_100000_110000.wav	0.0	10.0	Noise
VLDQu3WkF9A_120000_130000.wav	0.0	10.0	Noise
Ze2yE0C2aa4_0_10000.wav	0.0	10.0	Voice
Ze2yE0C2aa4_0_10000.wav	0.0	10.0	Noise
XIi1hyeIGf0_70000_80000.wav	0.0	10.0	Noise
VxDv-YzUBN4_80000_90000.wav	0.0	10.0	Voice
VxDv-YzUBN4_80000_90000.wav	0.0	10.0	Noise
OsQeEDELoa0_30000_40000.wav	0.0	10.0	Voice
OsQeEDELoa0_30000_40000.wav	0.0	10.0	Noise
VU53rD9G3tM_20000_30000.wav	0.0	10.0	Noise
pTteFjWFSYE_0_10000.wav	0.0	10.0	Voice
pTteFjWFSYE_0_10000.wav	0.0	10.0	Noise
TNjNoxct2Bs_70000_80000.wav	0.0	10.0	Noise
CTkiq0wQCsc_30000_40000.wav	0.0	10.0	Noise
EZncnrV9oFo_30000_40000.wav	0.0	10.0	Noise
5QwkWyJ5F4w_30000_40000.wav	0.0	10.0	Voice
5QwkWyJ5F4w_30000_40000.wav	0.0	10.0	Noise
6pgkg0HLR7k_200000_210000.wav	0.0	10.0	Voice
EGR7EIz9JQ4_30000_40000.wav	0.0	10.0	Noise
mJEmgYJ7Z4s_0_10000.wav	0.0	10.0	Voice
mJEmgYJ7Z4s_0_10000.wav	0.0	10.0	Noise
JEh7KPJWJ5Y_110000_120000.wav	0.0	10.0	Noise
0CTgEP0SIVg_10000_20000.wav	0.0	10.0	Noise
Cna5HL8RwjM_2000_12000.wav	0.0	10.0	Noise
Itt-b2w7xLs_30000_40000.wav	0.0	10.0	Noise
BuMC5iUHk1M_550000_560000.wav	0.0	10.0	Noise
OmkMRHxK9FE_110000_120000.wav	0.0	10.0	Voice
ROWrRPaO1xI_330000_340000.wav	0.0	10.0	Voice
3a0NdIfEUI4_30000_40000.wav	0.0	10.0	Voice
3a0NdIfEUI4_30000_40000.wav	0.0	10.0	Noise
j6u5vtWBIRY_40000_50000.wav	0.0	10.0	Voice
j6u5vtWBIRY_40000_50000.wav	0.0	10.0	Noise
BHjwtSGs5PM_30000_40000.wav	0.0	10.0	Voice
IqOgIR1_wDg_60000_70000.wav	0.0	10.0	Noise
A5fnYT0To28_30000_40000.wav	0.0	10.0	Voice
vW_DQb2wVBA_30000_40000.wav	0.0	10.0	Noise
lK0o2qlFVtY_10000_20000.wav	0.0	10.0	Voice
lK0o2qlFVtY_10000_20000.wav	0.0	10.0	Noise
21JzWZBIHoA_30000_40000.wav	0.0	10.0	Noise
w29YG7SNO_4_130000_140000.wav	0.0	10.0	Noise
bunbwmhX65M_510000_520000.wav	0.0	10.0	Voice
bunbwmhX65M_510000_520000.wav	0.0	10.0	Noise
lKPSHInZv98_270000_280000.wav	0.0	10.0	Noise
9BGpWG8iqpQ_0_10000.wav	0.0	10.0	Voice
9BGpWG8iqpQ_0_10000.wav	0.0	10.0	Noise
2kaXpy1ro_U_10000_20000.wav	0.0	10.0	Voice
njCHChY6P9Y_90000_100000.wav	0.0	10.0	Noise
PDzztTrrSbU_20000_30000.wav	0.0	10.0	Voice
PDzztTrrSbU_20000_30000.wav	0.0	10.0	Noise
MzwcLoMJIsI_50000_60000.wav	0.0	10.0	Noise
IKqiUyF3WU0_0_10000.wav	0.0	10.0	Noise
5wgCoRm_O0w_30000_40000.wav	0.0	10.0	Voice
h97pKUkOAiU_6000_16000.wav	0.0	10.0	Voice
h97pKUkOAiU_6000_16000.wav	0.0	10.0	Noise
78OOZx9AcKc_30000_40000.wav	0.0	10.0	Noise
0_3KqY4wwbY_40000_50000.wav	0.0	10.0	Voice
AAN4BVrMNyg_30000_40000.wav	0.0	10.0	Voice
klF5jHsp2rs_150000_160000.wav	0.0	10.0	Noise
tZBjUrvy7go_30000_40000.wav	0.0	10.0	Noise
aLavVixFQRA_300000_310000.wav	0.0	10.0	Noise
OHWIX5NUo2g_10000_20000.wav	0.0	10.0	Noise
hLRTTk8cbhg_210000_220000.wav	0.0	10.0	Noise
EgMajX9XFF0_0_10000.wav	0.0	10.0	Voice
EgMajX9XFF0_0_10000.wav	0.0	10.0	Noise
zLPML__o8v0_110000_120000.wav	0.0	10.0	Voice
zLPML__o8v0_110000_120000.wav	0.0	10.0	Noise
kxWFAi1LnKo_30000_40000.wav	0.0	10.0	Noise
Aq8xcaUVRrU_30000_40000.wav	0.0	10.0	Noise
6RAfmkFCinY_80000_90000.wav	0.0	10.0	Voice
6RAfmkFCinY_80000_90000.wav	0.0	10.0	Noise
UlCBPy2t8YI_30000_40000.wav	0.0	10.0	Voice
zoxvCffYZ-w_190000_200000.wav	0.0	10.0	Voice
vwqaIHKxLvM_20000_30000.wav	0.0	10.0	Noise
2p9UNzwlKnY_230000_240000.wav	0.0	10.0	Noise
5_SMJ3rwGZo_70000_80000.wav	0.0	10.0	Noise
Y-ZIaJqordE_70000_80000.wav	0.0	10.0	Noise
hRz5tJWYut0_30000_40000.wav	0.0	10.0	Noise
DHKXX1PUjdI_90000_100000.wav	0.0	10.0	Voice
hqj6tXW2jMI_110000_120000.wav	0.0	10.0	Voice
3632ehufYPY_30000_40000.wav	0.0	10.0	Voice
iDFGklEIEDY_10000_20000.wav	0.0	10.0	Noise
O0A3MF9qGlI_590000_600000.wav	0.0	10.0	Noise
64QiYWZiE0o_0_10000.wav	0.0	10.0	Noise
CqWaUMzD40I_60000_70000.wav	0.0	10.0	Voice
CqWaUMzD40I_60000_70000.wav	0.0	10.0	Noise
FZLnBJ7vnHY_10000_20000.wav	0.0	10.0	Voice
FZLnBJ7vnHY_10000_20000.wav	0.0	10.0	Noise
xBVf8wYP8hM_3000_13000.wav	0.0	10.0	Noise
2Y9-YvaX0iY_30000_40000.wav	0.0	10.0	Voice
2Y9-YvaX0iY_30000_40000.wav	0.0	10.0	Noise
ApvEyikIJhE_30000_40000.wav	0.0	10.0	Voice
ApvEyikIJhE_30000_40000.wav	0.0	10.0	Noise
RWb-qrpwEfE_19000_29000.wav	0.0	10.0	Noise
Dhpz8LLHPMI_30000_40000.wav	0.0	10.0	Voice
bgl8Hd4zzEI_300000_310000.wav	0.0	10.0	Noise
3fiQLlTdHkA_110000_120000.wav	0.0	10.0	Noise
5ILkgEPCZ2w_30000_40000.wav	0.0	10.0	Voice
cuNnlDBbifU_110000_120000.wav	0.0	10.0	Voice
X7UGw9kkFwQ_150000_160000.wav	0.0	10.0	Voice
X7UGw9kkFwQ_150000_160000.wav	0.0	10.0	Noise
LMC-xXt6A1g_0_10000.wav	0.0	10.0	Noise
TwLHvm1hv8M_420000_430000.wav	0.0	10.0	Noise
4T8CwKAxfUo_170000_180000.wav	0.0	10.0	Voice
4T8CwKAxfUo_170000_180000.wav	0.0	10.0	Noise
4qaJW0mvsoY_30000_40000.wav	0.0	10.0	Voice
4qaJW0mvsoY_30000_40000.wav	0.0	10.0	Noise
SgQf3ZOItIA_50000_60000.wav	0.0	10.0	Voice
QJqH2vkhc2s_50000_60000.wav	0.0	10.0	Voice
GKUHf50FKhk_27000_37000.wav	0.0	10.0	Noise
LwZVeumqKTw_30000_40000.wav	0.0	10.0	Voice
56Sfxs_KgGw_30000_40000.wav	0.0	10.0	Voice
_XOjYcRizqg_160000_170000.wav	0.0	10.0	Voice
0kBQ71uzBNc_30000_40000.wav	0.0	10.0	Noise
0StAomq47Hw_150000_160000.wav	0.0	10.0	Noise
4cfWFpjePxY_50000_60000.wav	0.0	10.0	Voice
4cfWFpjePxY_50000_60000.wav	0.0	10.0	Noise
7olxm-gNYoo_480000_490000.wav	0.0	10.0	Noise
2rWftdb12hc_30000_40000.wav	0.0	10.0	Noise
ZC2-HlTYjqA_50000_60000.wav	0.0	10.0	Noise
vSn6uz0c1_Y_50000_60000.wav	0.0	10.0	Voice
LSZgqOe6ubQ_70000_80000.wav	0.0	10.0	Voice
LSZgqOe6ubQ_70000_80000.wav	0.0	10.0	Noise
jPP0Dzvq6QY_100000_110000.wav	0.0	10.0	Voice
2csfvC8p5Z8_70000_80000.wav	0.0	10.0	Voice
OOfihZzHtcs_30000_40000.wav	0.0	10.0	Voice
OOfihZzHtcs_30000_40000.wav	0.0	10.0	Noise
UrLA4ZwhtEI_10000_20000.wav	0.0	10.0	Voice
dYmYfNSF19M_120000_130000.wav	0.0	10.0	Voice
dYmYfNSF19M_120000_130000.wav	0.0	10.0	Noise
LRF-7Sq5bZU_30000_40000.wav	0.0	10.0	Noise
-nxhAiMipT0_30000_40000.wav	0.0	10.0	Voice
-nxhAiMipT0_30000_40000.wav	0.0	10.0	Noise
8dA4uMl9zEQ_10000_20000.wav	0.0	10.0	Noise
9KpW6XkFaFA_280000_290000.wav	0.0	10.0	Noise
W-F1CA4LdOM_90000_100000.wav	0.0	10.0	Voice
K8sg0BFIX0c_30000_40000.wav	0.0	10.0	Voice
K8sg0BFIX0c_30000_40000.wav	0.0	10.0	Noise
omJeStRoo_E_60000_70000.wav	0.0	10.0	Voice
g_DJVD08Tm0_60000_70000.wav	0.0	10.0	Noise
yp-JE2TYX5I_60000_70000.wav	0.0	10.0	Noise
7UIP2dQndr8_70000_80000.wav	0.0	10.0	Voice
s65uGNjmPuQ_30000_40000.wav	0.0	10.0	Noise
KrX8lPBWbgw_30000_40000.wav	0.0	10.0	Noise
TL9ZNkJHiaA_30000_40000.wav	0.0	10.0	Voice
TL9ZNkJHiaA_30000_40000.wav	0.0	10.0	Noise
7dUjeTRWask_50000_60000.wav	0.0	10.0	Noise
PgwUXnK0jig_30000_40000.wav	0.0	10.0	Voice
PgwUXnK0jig_30000_40000.wav	0.0	10.0	Noise
L1NWDKhy7YY_30000_40000.wav	0.0	10.0	Noise
5gkj61MMB0M_30000_40000.wav	0.0	10.0	Voice
5e8dnZnkLkw_60000_70000.wav	0.0	10.0	Voice
5e8dnZnkLkw_60000_70000.wav	0.0	10.0	Noise
1ZaxqZMs21M_220000_230000.wav	0.0	10.0	Voice
9XOURUmhcvU_40000_50000.wav	0.0	10.0	Voice
2Pm60iUCmAw_20000_30000.wav	0.0	10.0	Noise
2gvw16YDwMA_30000_40000.wav	0.0	10.0	Noise
02Ay01wlhbY_0_9000.wav	0.0	10.0	Noise
ugNBxxnF4wk_0_10000.wav	0.0	10.0	Voice
ugNBxxnF4wk_0_10000.wav	0.0	10.0	Noise
jcPOI2vKkBE_100000_110000.wav	0.0	10.0	Noise
BXT8H60YQBQ_30000_40000.wav	0.0	10.0	Voice
eh9FhTL34no_20000_30000.wav	0.0	10.0	Noise
IJPPGSdFfsQ_30000_40000.wav	0.0	10.0	Voice
IJPPGSdFfsQ_30000_40000.wav	0.0	10.0	Noise
L6vcLw9hiaA_100000_110000.wav	0.0	10.0	Noise
rj0FB0_pTvw_150000_160000.wav	0.0	10.0	Voice
Mz8DAmmBnAY_30000_40000.wav	0.0	10.0	Noise
9KKpyaR8FWo_70000_80000.wav	0.0	10.0	Noise
UUOLImta1Ho_30000_40000.wav	0.0	10.0	Noise
TDomxI6MMh0_180000_190000.wav	0.0	10.0	Noise
mytTV4_Hjpk_20000_30000.wav	0.0	10.0	Voice
mytTV4_Hjpk_20000_30000.wav	0.0	10.0	Noise
0X_5VTDrVgE_100000_110000.wav	0.0	10.0	Noise
JMxLzd_RYDI_170000_180000.wav	0.0	10.0	Noise
bVcP0cnA6zY_60000_70000.wav	0.0	10.0	Voice
DBOK63gz-7Q_30000_40000.wav	0.0	10.0	Voice
iHvbhWF2ZXo_10000_20000.wav	0.0	10.0	Noise
6zZZFHc0YmU_70000_80000.wav	0.0	10.0	Noise
_is5NMMnMgU_130000_140000.wav	0.0	10.0	Voice
ZoIO9vrp74I_30000_40000.wav	0.0	10.0	Voice
ZoIO9vrp74I_30000_40000.wav	0.0	10.0	Noise
8FE_-G3Emlc_40000_50000.wav	0.0	10.0	Voice
jc4_k0x6o9Q_30000_40000.wav	0.0	10.0	Noise
zCnR_AKPurw_50000_60000.wav	0.0	10.0	Voice
db6T69wgubA_20000_30000.wav	0.0	10.0	Noise
aX9mCNLJYFU_220000_230000.wav	0.0	10.0	Noise
HCfwHnLTqg8_280000_290000.wav	0.0	10.0	Noise
CfKK55tlbgM_30000_40000.wav	0.0	10.0	Noise
tMSBMT-qvfk_0_10000.wav	0.0	10.0	Voice
uWQI5DCKVdU_30000_40000.wav	0.0	10.0	Noise
DmLscIZyUrU_30000_40000.wav	0.0	10.0	Noise
Q004EpzkuVM_200000_210000.wav	0.0	10.0	Noise
JpxIjLibOIk_30000_40000.wav	0.0	10.0	Noise
-LM6CmYR3TQ_30000_40000.wav	0.0	10.0	Noise
z32IXFJ4sKk_80000_90000.wav	0.0	10.0	Voice
edje2frc3k4_310000_320000.wav	0.0	10.0	Noise
mPRegKImtq8_240000_250000.wav	0.0	10.0	Voice
4xqvecbHr_A_30000_40000.wav	0.0	10.0	Noise
NKK-Hzuu7XU_30000_40000.wav	0.0	10.0	Voice
Sc5ERPGmbsk_30000_40000.wav	0.0	10.0	Noise
OgHIIeolXY8_420000_430000.wav	0.0	10.0	Voice
OgHIIeolXY8_420000_430000.wav	0.0	10.0	Noise
g1TYyNyPPMY_7000_17000.wav	0.0	10.0	Voice
g1TYyNyPPMY_7000_17000.wav	0.0	10.0	Noise
WbZUIzLMiC8_30000_40000.wav	0.0	10.0	Voice
WbZUIzLMiC8_30000_40000.wav	0.0	10.0	Noise
Beg79kXQBRo_20000_30000.wav	0.0	10.0	Voice
Beg79kXQBRo_20000_30000.wav	0.0	10.0	Noise
g6zoCRdQwRo_50000_60000.wav	0.0	10.0	Voice
Zax7mYVWlPc_50000_60000.wav	0.0	10.0	Voice
dFgOVijpEOU_40000_50000.wav	0.0	10.0	Voice
dFgOVijpEOU_40000_50000.wav	0.0	10.0	Noise
CaHRYfp2WVo_30000_40000.wav	0.0	10.0	Noise
Agob99cEFlA_30000_40000.wav	0.0	10.0	Voice
ODGK2u2rJ08_110000_120000.wav	0.0	10.0	Voice
EEIImp5KNE4_22000_32000.wav	0.0	10.0	Noise
vklNwb2kMFw_80000_90000.wav	0.0	10.0	Noise
d3gMtNznL18_480000_490000.wav	0.0	10.0	Voice
d3gMtNznL18_480000_490000.wav	0.0	10.0	Noise
bNWngTF_8aI_210000_220000.wav	0.0	10.0	Voice
bNWngTF_8aI_210000_220000.wav	0.0	10.0	Noise
6mnfeV3O-pc_220000_230000.wav	0.0	10.0	Noise
7aiaYY6lZ_I_30000_40000.wav	0.0	10.0	Voice
kPjdj39gdug_70000_80000.wav	0.0	10.0	Noise
QMCypkZl2po_30000_40000.wav	0.0	10.0	Voice
QMCypkZl2po_30000_40000.wav	0.0	10.0	Noise
kQQrsmLvoCE_120000_130000.wav	0.0	10.0	Noise
Hu3oCGY98pM_50000_60000.wav	0.0	10.0	Noise
g268-pLNt24_220000_230000.wav	0.0	10.0	Noise
VIxlX3TVY6k_20000_30000.wav	0.0	10.0	Noise
PukVMvQ2c5Q_140000_150000.wav	0.0	10.0	Voice
PukVMvQ2c5Q_140000_150000.wav	0.0	10.0	Noise
-qS77R0Y1K8_30000_40000.wav	0.0	10.0	Noise
-EBHuY7ynXk_30000_40000.wav	0.0	10.0	Noise
ZsdKDyXC3_k_30000_40000.wav	0.0	10.0	Voice
ZsdKDyXC3_k_30000_40000.wav	0.0	10.0	Noise
YYmXiinbPxc_20000_30000.wav	0.0	10.0	Voice
YYmXiinbPxc_20000_30000.wav	0.0	10.0	Noise
11CtJUD-zHg_30000_40000.wav	0.0	10.0	Noise
TwTuGz-Kzdc_80000_90000.wav	0.0	10.0	Noise
-WGiNsWOczo_470000_480000.wav	0.0	10.0	Voice
-WGiNsWOczo_470000_480000.wav	0.0	10.0	Noise
Vnn4Mpt8tLs_30000_40000.wav	0.0	10.0	Noise
CbCXVRcEVVA_50000_60000.wav	0.0	10.0	Voice
9bld3nV6I64_30000_40000.wav	0.0	10.0	Voice
fbMbdM4vT28_30000_40000.wav	0.0	10.0	Noise
08i9TzXcBBE_140000_150000.wav	0.0	10.0	Noise
k7eCbNFGZYM_50000_60000.wav	0.0	10.0	Voice
TbA_TZn35LA_270000_280000.wav	0.0	10.0	Voice
nq1CTFtFMkU_380000_390000.wav	0.0	10.0	Noise
4-C1BGIa57g_80000_90000.wav	0.0	10.0	Noise
KdFmwklf2pA_100000_110000.wav	0.0	10.0	Noise
3QbEFBsMfe0_0_10000.wav	0.0	10.0	Voice
ZfacKhW5Ik4_20000_30000.wav	0.0	10.0	Voice
A8L0mC1_Geg_400000_410000.wav	0.0	10.0	Noise
IOKxuX7oOk0_150000_160000.wav	0.0	10.0	Noise
130v5XJl8G0_70000_80000.wav	0.0	10.0	Voice
130v5XJl8G0_70000_80000.wav	0.0	10.0	Noise
dyQa_4yVKfo_150000_160000.wav	0.0	10.0	Voice
dyQa_4yVKfo_150000_160000.wav	0.0	10.0	Noise
9L5s6WTVeRE_9000_19000.wav	0.0	10.0	Noise
mIZVNhMstbo_13000_23000.wav	0.0	10.0	Noise
KNdwhLlOv0I_30000_40000.wav	0.0	10.0	Voice
KNdwhLlOv0I_30000_40000.wav	0.0	10.0	Noise
zIx6rL3MfRg_30000_40000.wav	0.0	10.0	Voice
zIx6rL3MfRg_30000_40000.wav	0.0	10.0	Noise
QOVbIawP8EU_530000_540000.wav	0.0	10.0	Voice
QOVbIawP8EU_530000_540000.wav	0.0	10.0	Noise
qgrFUbdmrk0_250000_260000.wav	0.0	10.0	Voice
zxA0AXCaO_c_30000_40000.wav	0.0	10.0	Voice
zxA0AXCaO_c_30000_40000.wav	0.0	10.0	Noise
M0svtym4nQc_390000_400000.wav	0.0	10.0	Voice
M0svtym4nQc_390000_400000.wav	0.0	10.0	Noise
-odrOh6OYHg_30000_40000.wav	0.0	10.0	Voice
-odrOh6OYHg_30000_40000.wav	0.0	10.0	Noise
zqqidiZp_SY_10000_20000.wav	0.0	10.0	Noise
NGxrEix2lpU_180000_190000.wav	0.0	10.0	Voice
m2mjWuHcXNg_30000_40000.wav	0.0	10.0	Noise
ypQYtYMhs8A_350000_360000.wav	0.0	10.0	Noise
PTOF-fb9S5k_10000_20000.wav	0.0	10.0	Noise
fQLNvW3Bpjs_30000_40000.wav	0.0	10.0	Noise
cuN9K1xFv3Y_30000_40000.wav	0.0	10.0	Voice
-5EoTUVneQA_30000_40000.wav	0.0	10.0	Noise
bONVakeWpb0_110000_120000.wav	0.0	10.0	Noise
COm1X2N0l3Y_0_10000.wav	0.0	10.0	Noise
9z5P-pz97Ho_30000_40000.wav	0.0	10.0	Voice
9z5P-pz97Ho_30000_40000.wav	0.0	10.0	Noise
XTTqhyZRHBc_40000_50000.wav	0.0	10.0	Noise
-UCf_-3yzWU_290000_300000.wav	0.0	10.0	Noise
zIqDJt-QAoI_30000_40000.wav	0.0	10.0	Noise
G6Gx9hyW3vU_30000_40000.wav	0.0	10.0	Noise
PrtqXTrRJR8_30000_40000.wav	0.0	10.0	Voice
txkYWaFGSGU_230000_240000.wav	0.0	10.0	Noise
Q1nC_-sT7AE_30000_40000.wav	0.0	10.0	Voice
16VgfpNmQq4_30000_40000.wav	0.0	10.0	Voice
16VgfpNmQq4_30000_40000.wav	0.0	10.0	Noise
LWTiqltXhJA_400000_410000.wav	0.0	10.0	Voice
LWTiqltXhJA_400000_410000.wav	0.0	10.0	Noise
sYIymaJi6tc_90000_100000.wav	0.0	10.0	Voice
u4HHUylYC1c_440000_450000.wav	0.0	10.0	Voice
3uIMzwtiJX8_150000_160000.wav	0.0	10.0	Noise
IkMcAoDDrXg_30000_40000.wav	0.0	10.0	Noise
ND8dCH4e4w4_30000_40000.wav	0.0	10.0	Noise
wEJFcx2mqoE_30000_40000.wav	0.0	10.0	Noise
FgNMRo8YLGE_210000_220000.wav	0.0	10.0	Voice
4-HPgCJpHNk_170000_180000.wav	0.0	10.0	Voice
cvYv3ZcdWso_0_10000.wav	0.0	10.0	Voice
cvYv3ZcdWso_0_10000.wav	0.0	10.0	Noise
b3AmNnbnnLM_70000_80000.wav	0.0	10.0	Voice
WyqyK87HomE_70000_80000.wav	0.0	10.0	Voice
WyqyK87HomE_70000_80000.wav	0.0	10.0	Noise
76NX3E9w9k0_30000_40000.wav	0.0	10.0	Voice
76NX3E9w9k0_30000_40000.wav	0.0	10.0	Noise
_iPcp01D39Q_20000_30000.wav	0.0	10.0	Voice
_iPcp01D39Q_20000_30000.wav	0.0	10.0	Noise
xFIJqQfjDxI_140000_150000.wav	0.0	10.0	Voice
pEfHFUohOhY_210000_220000.wav	0.0	10.0	Noise
dDOYrqFwqWk_140000_150000.wav	0.0	10.0	Voice
XPonPJ2k7Ds_30000_40000.wav	0.0	10.0	Noise
8hxcANZLSX4_180000_190000.wav	0.0	10.0	Noise
5xKYPgCaSoI_20000_30000.wav	0.0	10.0	Noise
Bexs3Hs07lk_30000_40000.wav	0.0	10.0	Noise
-1EXhfqLLwQ_150000_160000.wav	0.0	10.0	Noise
nfZ4GvKt51M_30000_40000.wav	0.0	10.0	Voice
nfZ4GvKt51M_30000_40000.wav	0.0	10.0	Noise
1rtAfBA5_ks_60000_70000.wav	0.0	10.0	Voice
1rtAfBA5_ks_60000_70000.wav	0.0	10.0	Noise
F6ZQToJR2qQ_0_10000.wav	0.0	10.0	Voice
F6ZQToJR2qQ_0_10000.wav	0.0	10.0	Noise
BjYsesK0GQw_30000_40000.wav	0.0	10.0	Voice
e6UQsz-_n9E_200000_210000.wav	0.0	10.0	Noise
K2ObTK7rK58_20000_30000.wav	0.0	10.0	Voice
K2ObTK7rK58_20000_30000.wav	0.0	10.0	Noise
GelkPzrbjs8_23000_33000.wav	0.0	10.0	Voice
GelkPzrbjs8_23000_33000.wav	0.0	10.0	Noise
M04EdgCw1Mk_30000_40000.wav	0.0	10.0	Noise
9srXpjJQ14g_190000_200000.wav	0.0	10.0	Voice
97epvTJJOeg_40000_50000.wav	0.0	10.0	Voice
MgpKfyS6gBA_30000_40000.wav	0.0	10.0	Voice
MgpKfyS6gBA_30000_40000.wav	0.0	10.0	Noise
Vu9kacBXAgM_90000_100000.wav	0.0	10.0	Voice
Vu9kacBXAgM_90000_100000.wav	0.0	10.0	Noise
Yfi9a_yPdxk_11000_21000.wav	0.0	10.0	Noise
7L1hl-7eLKQ_220000_230000.wav	0.0	10.0	Noise
t8gWEZ1xJkY_310000_320000.wav	0.0	10.0	Voice
t8gWEZ1xJkY_310000_320000.wav	0.0	10.0	Noise
-HffDpXb8i8_30000_40000.wav	0.0	10.0	Voice
5CDXM-YsL-U_30000_40000.wav	0.0	10.0	Voice
5CDXM-YsL-U_30000_40000.wav	0.0	10.0	Noise
g_KfMCbBY0k_200000_210000.wav	0.0	10.0	Voice
g_KfMCbBY0k_200000_210000.wav	0.0	10.0	Noise
u1DP4zEGQp0_50000_60000.wav	0.0	10.0	Noise
fwas0HLGbqM_30000_40000.wav	0.0	10.0	Noise
Fg8yzA7zifw_30000_40000.wav	0.0	10.0	Voice
DvCJDhYoAQ4_500000_510000.wav	0.0	10.0	Voice
37UXPABomt8_20000_30000.wav	0.0	10.0	Voice
OowQjQPIVqk_10000_20000.wav	0.0	10.0	Noise
7w5LrFx-wdY_50000_60000.wav	0.0	10.0	Noise
OJAFeFHWf2k_300000_310000.wav	0.0	10.0	Noise
WT6pL8Kfpio_0_10000.wav	0.0	10.0	Noise
Wq1TYRugshU_30000_40000.wav	0.0	10.0	Noise
gAx35x8O6Ts_110000_120000.wav	0.0	10.0	Voice
gAx35x8O6Ts_110000_120000.wav	0.0	10.0	Noise
oX_XdxqTE9Y_110000_120000.wav	0.0	10.0	Noise
9xHUrh4RqbA_30000_40000.wav	0.0	10.0	Voice
E7uyG5ASmIc_3000_13000.wav	0.0	10.0	Noise
5-pDRg-Jws0_30000_40000.wav	0.0	10.0	Noise
AVqgWJo-0b8_30000_40000.wav	0.0	10.0	Voice
QOvEvziacRk_90000_100000.wav	0.0	10.0	Voice
QOvEvziacRk_90000_100000.wav	0.0	10.0	Noise
7QloUAJJs34_2000_12000.wav	0.0	10.0	Noise
iY8QbRfk8GY_50000_60000.wav	0.0	10.0	Voice
G-f6qIJF8Pk_50000_60000.wav	0.0	10.0	Noise
jQaGWDFUvnY_20000_30000.wav	0.0	10.0	Noise
kl6OkxTm1n8_0_10000.wav	0.0	10.0	Voice
kl6OkxTm1n8_0_10000.wav	0.0	10.0	Noise
lQKpZk6gewQ_240000_250000.wav	0.0	10.0	Voice
wkbGr-w8-CE_0_10000.wav	0.0	10.0	Noise
pYyu9l1gMkI_0_10000.wav	0.0	10.0	Voice
pYyu9l1gMkI_0_10000.wav	0.0	10.0	Noise
uObFlf2lRqA_30000_40000.wav	0.0	10.0	Noise
3zLk_MbQPWg_10000_20000.wav	0.0	10.0	Voice
3zLk_MbQPWg_10000_20000.wav	0.0	10.0	Noise
2bC8nKZz8iI_30000_40000.wav	0.0	10.0	Noise
Bcs-E6kVjqQ_200000_210000.wav	0.0	10.0	Voice
ezXHjuO38Zc_10000_20000.wav	0.0	10.0	Noise
6m4QQ_n6bq0_20000_30000.wav	0.0	10.0	Voice
6m4QQ_n6bq0_20000_30000.wav	0.0	10.0	Noise
JOLUF4DKw2c_60000_70000.wav	0.0	10.0	Voice
1hx6q-hUWzY_30000_40000.wav	0.0	10.0	Voice
Q8D-OGbwoaA_310000_320000.wav	0.0	10.0	Noise
IywDfIjWeIk_240000_250000.wav	0.0	10.0	Voice
IywDfIjWeIk_240000_250000.wav	0.0	10.0	Noise
b53wkgVoCE0_110000_120000.wav	0.0	10.0	Voice
b53wkgVoCE0_110000_120000.wav	0.0	10.0	Noise
8rICricPhh8_30000_40000.wav	0.0	10.0	Voice
8rICricPhh8_30000_40000.wav	0.0	10.0	Noise
0VFF9n5UGBo_25000_35000.wav	0.0	10.0	Voice
AlCAhbdgKBc_30000_40000.wav	0.0	10.0	Voice
cTJqIkSuf6s_30000_40000.wav	0.0	10.0	Voice
AqztoH0vouM_70000_80000.wav	0.0	10.0	Voice
AqztoH0vouM_70000_80000.wav	0.0	10.0	Noise
REBNj-vPKTY_180000_190000.wav	0.0	10.0	Voice
C7D2v0BUzYc_0_10000.wav	0.0	10.0	Noise
d75jRtnpIa8_10000_20000.wav	0.0	10.0	Noise
e2KVj2vVxUs_30000_40000.wav	0.0	10.0	Noise
5-dsYzMvdRQ_30000_40000.wav	0.0	10.0	Noise
cTSnuEUR9QI_110000_120000.wav	0.0	10.0	Noise
m9qCNk6U0Ro_70000_80000.wav	0.0	10.0	Voice
SJN5vcGGF4I_150000_160000.wav	0.0	10.0	Voice
SJN5vcGGF4I_150000_160000.wav	0.0	10.0	Noise
5SCtWW5a3h8_10000_20000.wav	0.0	10.0	Noise
LTO3mhVLS4g_30000_40000.wav	0.0	10.0	Noise
wJbieaxf45U_30000_40000.wav	0.0	10.0	Noise
3y2aZEs1F5s_70000_80000.wav	0.0	10.0	Noise
O85yWSmqb_w_240000_250000.wav	0.0	10.0	Noise
-E3r0kUGfoc_30000_40000.wav	0.0	10.0	Voice
D48UtHLEQnU_30000_40000.wav	0.0	10.0	Voice
D48UtHLEQnU_30000_40000.wav	0.0	10.0	Noise
XaNSEfYvYFs_90000_100000.wav	0.0	10.0	Voice
DSSAw22eROE_280000_290000.wav	0.0	10.0	Voice
DSSAw22eROE_280000_290000.wav	0.0	10.0	Noise
GCo2uCLXvhk_30000_40000.wav	0.0	10.0	Noise
RlvqDtCRbIA_70000_80000.wav	0.0	10.0	Voice
RlvqDtCRbIA_70000_80000.wav	0.0	10.0	Noise
CMSd2mUAsys_310000_320000.wav	0.0	10.0	Voice
CMSd2mUAsys_310000_320000.wav	0.0	10.0	Noise
BBailO5jLFU_20000_30000.wav	0.0	10.0	Noise
lcOWyDg33GE_190000_200000.wav	0.0	10.0	Voice
EezGnSpoxQw_30000_40000.wav	0.0	10.0	Voice
EezGnSpoxQw_30000_40000.wav	0.0	10.0	Noise
T9ZGFTJ3TDM_140000_150000.wav	0.0	10.0	Noise
Prrcs3jQkpY_190000_200000.wav	0.0	10.0	Noise
fxFSHJR795M_30000_40000.wav	0.0	10.0	Voice
1aPLyjXbe4s_140000_150000.wav	0.0	10.0	Voice
1aPLyjXbe4s_140000_150000.wav	0.0	10.0	Noise
Z2h2YrGcbU0_6000_16000.wav	0.0	10.0	Noise
-msC_WOqyFY_3000_13000.wav	0.0	10.0	Noise
nMActFv2fCE_40000_50000.wav	0.0	10.0	Voice
nMActFv2fCE_40000_50000.wav	0.0	10.0	Noise
gjqT8LNZlGk_60000_70000.wav	0.0	10.0	Noise
mB0FTpxPcr0_11000_21000.wav	0.0	10.0	Noise
L_9U6xDeYcU_20000_30000.wav	0.0	10.0	Noise
_Gb56XE41sw_200000_210000.wav	0.0	10.0	Voice
HvJV8X975qM_30000_40000.wav	0.0	10.0	Noise
p_f9eTjcNW4_460000_470000.wav	0.0	10.0	Noise
AwXjtDPf6ZI_30000_40000.wav	0.0	10.0	Noise
wMjONmkSghM_60000_70000.wav	0.0	10.0	Voice
PCXK4n4dVeI_10000_20000.wav	0.0	10.0	Voice
6GbCcZS5vJU_170000_180000.wav	0.0	10.0	Voice
uYqlVTlSgbM_40000_50000.wav	0.0	10.0	Noise
R4oIREhQRSY_0_10000.wav	0.0	10.0	Noise
ZcULeCFl-1o_30000_40000.wav	0.0	10.0	Noise
S9TlQZLkZ0k_40000_50000.wav	0.0	10.0	Noise
E6QQRZHrx6s_30000_40000.wav	0.0	10.0	Voice
E6QQRZHrx6s_30000_40000.wav	0.0	10.0	Noise
GdOCO0vr9Tk_30000_40000.wav	0.0	10.0	Voice
GdOCO0vr9Tk_30000_40000.wav	0.0	10.0	Noise
24fYWaGdWv8_500000_510000.wav	0.0	10.0	Noise
ZLDhW8p0mSM_30000_40000.wav	0.0	10.0	Noise
UIpSa0uYuns_400000_410000.wav	0.0	10.0	Noise
B1LyKw8yZCs_30000_40000.wav	0.0	10.0	Voice
ixHZs-JwPn8_150000_160000.wav	0.0	10.0	Voice
ixHZs-JwPn8_150000_160000.wav	0.0	10.0	Noise
w6fCkL53VpM_0_10000.wav	0.0	10.0	Noise
9SVdcLm1Ask_30000_40000.wav	0.0	10.0	Voice
9SVdcLm1Ask_30000_40000.wav	0.0	10.0	Noise
6vvS9eG0OCg_170000_180000.wav	0.0	10.0	Noise
kfwyhHtOD0U_40000_50000.wav	0.0	10.0	Voice
kfwyhHtOD0U_40000_50000.wav	0.0	10.0	Noise
9fTG2gf77v0_30000_40000.wav	0.0	10.0	Voice
oJC32UsYFLg_60000_70000.wav	0.0	10.0	Voice
Xe2h-1q4sZ0_30000_40000.wav	0.0	10.0	Voice
Xe2h-1q4sZ0_30000_40000.wav	0.0	10.0	Noise
ys0ltzYWqwQ_160000_170000.wav	0.0	10.0	Voice
ys0ltzYWqwQ_160000_170000.wav	0.0	10.0	Noise
APHp-jkEo4s_40000_50000.wav	0.0	10.0	Noise
1lwL0FXlZNg_30000_40000.wav	0.0	10.0	Voice
1lwL0FXlZNg_30000_40000.wav	0.0	10.0	Noise
LzsObE_dBS4_60000_70000.wav	0.0	10.0	Noise
VOePDd-oRlw_30000_40000.wav	0.0	10.0	Noise
OuBlkD7FcAs_30000_40000.wav	0.0	10.0	Voice
Lw3mFe6VsJ0_10000_20000.wav	0.0	10.0	Voice
Lw3mFe6VsJ0_10000_20000.wav	0.0	10.0	Noise
nUyVdzAIhi8_20000_30000.wav	0.0	10.0	Voice
nUyVdzAIhi8_20000_30000.wav	0.0	10.0	Noise
--ekDLDTUXA_30000_40000.wav	0.0	10.0	Voice
--ekDLDTUXA_30000_40000.wav	0.0	10.0	Noise
aZN2DPGbatQ_0_10000.wav	0.0	10.0	Noise
d0hgP-tf25M_30000_40000.wav	0.0	10.0	Voice
d0hgP-tf25M_30000_40000.wav	0.0	10.0	Noise
yTZxh738Zmk_0_10000.wav	0.0	10.0	Noise
ENZQLnCEMh0_390000_400000.wav	0.0	10.0	Noise
9zW-E0XdWdw_160000_170000.wav	0.0	10.0	Voice
2tnJEqXSs24_30000_40000.wav	0.0	10.0	Noise
wVQVw478Rh4_30000_40000.wav	0.0	10.0	Voice
qc7WK9VWImE_30000_40000.wav	0.0	10.0	Voice
VMZGsBcBYR0_130000_140000.wav	0.0	10.0	Voice
I72sRTuNn1c_190000_200000.wav	0.0	10.0	Voice
I72sRTuNn1c_190000_200000.wav	0.0	10.0	Noise
g1pFSy1C0iw_70000_80000.wav	0.0	10.0	Voice
RLJYigWchf0_30000_40000.wav	0.0	10.0	Noise
Cwbtn_h6TP8_260000_270000.wav	0.0	10.0	Voice
Cwbtn_h6TP8_260000_270000.wav	0.0	10.0	Noise
zx8pva20tjE_30000_40000.wav	0.0	10.0	Voice
5-4RPWzQeu4_30000_40000.wav	0.0	10.0	Voice
5-4RPWzQeu4_30000_40000.wav	0.0	10.0	Noise
-8ysWJSrITc_30000_40000.wav	0.0	10.0	Voice
-8ysWJSrITc_30000_40000.wav	0.0	10.0	Noise
aJWD0ZKCtM4_370000_380000.wav	0.0	10.0	Voice
aJWD0ZKCtM4_370000_380000.wav	0.0	10.0	Noise
TokHdpvX7Es_30000_40000.wav	0.0	10.0	Voice
uhnSd6cp8LU_130000_140000.wav	0.0	10.0	Voice
fsMyJcZc-YI_40000_50000.wav	0.0	10.0	Voice
fsMyJcZc-YI_40000_50000.wav	0.0	10.0	Noise
AXJYFiPA_ZQ_30000_40000.wav	0.0	10.0	Voice
SyHqQxpK6Zc_190000_200000.wav	0.0	10.0	Noise
0PWLf2cAkU8_20000_30000.wav	0.0	10.0	Voice
ST06L3u-WOo_240000_250000.wav	0.0	10.0	Voice
ST06L3u-WOo_240000_250000.wav	0.0	10.0	Noise
u8CXRZn9mv0_290000_300000.wav	0.0	10.0	Noise
0Vzp1Veb48I_0_10000.wav	0.0	10.0	Noise
y4h7Iqd7CiQ_30000_40000.wav	0.0	10.0	Noise
7XuzN5Ke-NM_170000_180000.wav	0.0	10.0	Voice
LgirOC0mfkU_30000_40000.wav	0.0	10.0	Noise
yx2lr2BPCwY_16000_26000.wav	0.0	10.0	Noise
hgbfCyOS_6M_120000_130000.wav	0.0	10.0	Voice
vtcMugU4XZI_30000_40000.wav	0.0	10.0	Noise
clX4fPaR-w4_20000_30000.wav	0.0	10.0	Noise
Uot0439BkKw_0_10000.wav	0.0	10.0	Noise
SBoYG43gf7U_30000_40000.wav	0.0	10.0	Voice
1HRCHKszOtY_7000_17000.wav	0.0	10.0	Noise
cCVd_I1M_fs_30000_40000.wav	0.0	10.0	Voice
cCVd_I1M_fs_30000_40000.wav	0.0	10.0	Noise
9F8ECZBjRyQ_30000_40000.wav	0.0	10.0	Voice
9F8ECZBjRyQ_30000_40000.wav	0.0	10.0	Noise
gKmMAsPdAms_26000_36000.wav	0.0	10.0	Noise
He63KV_9Pwg_60000_70000.wav	0.0	10.0	Voice
OV7asSW6LKI_120000_130000.wav	0.0	10.0	Noise
2ofK2gAQue4_180000_190000.wav	0.0	10.0	Noise
Wojrj_k-kQc_0_10000.wav	0.0	10.0	Noise
KhdzrXexMFE_30000_40000.wav	0.0	10.0	Noise
xckW0gpLdQs_8000_18000.wav	0.0	10.0	Noise
wJCuyC01q40_70000_80000.wav	0.0	10.0	Voice
UEWvOa5-Q3k_470000_480000.wav	0.0	10.0	Noise
-pBFsYisTCM_10000_20000.wav	0.0	10.0	Voice
-pBFsYisTCM_10000_20000.wav	0.0	10.0	Noise
H-JFjc6Dibk_100000_110000.wav	0.0	10.0	Noise
0Jw-3txze7g_30000_40000.wav	0.0	10.0	Voice
TfFCYBaXYKE_70000_80000.wav	0.0	10.0	Voice
TfFCYBaXYKE_70000_80000.wav	0.0	10.0	Noise
CouU9hxRTP8_230000_240000.wav	0.0	10.0	Noise
qC19ooY9Q1E_13000_23000.wav	0.0	10.0	Noise
LYnNI12BRQo_30000_40000.wav	0.0	10.0	Voice
LYnNI12BRQo_30000_40000.wav	0.0	10.0	Noise
ku8hG3g7MQI_20000_30000.wav	0.0	10.0	Voice
ku8hG3g7MQI_20000_30000.wav	0.0	10.0	Noise
iWiocYCLslw_30000_40000.wav	0.0	10.0	Noise
J5bg_1rFbNw_30000_40000.wav	0.0	10.0	Voice
J5bg_1rFbNw_30000_40000.wav	0.0	10.0	Noise
fqC3qK22QZg_180000_190000.wav	0.0	10.0	Voice
fqC3qK22QZg_180000_190000.wav	0.0	10.0	Noise
QT8w1X7a9QM_50000_60000.wav	0.0	10.0	Noise
7eB6pSkAVO4_30000_40000.wav	0.0	10.0	Noise
Jf2-Be-hh28_180000_190000.wav	0.0	10.0	Voice
Jf2-Be-hh28_180000_190000.wav	0.0	10.0	Noise
1wGTyVVIHqI_30000_40000.wav	0.0	10.0	Voice
1wGTyVVIHqI_30000_40000.wav	0.0	10.0	Noise
yQGXx44hFrw_0_10000.wav	0.0	10.0	Noise
emiP8pnuhwA_6000_16000.wav	0.0	10.0	Noise
YRxhBnOHh5g_150000_160000.wav	0.0	10.0	Voice
YRxhBnOHh5g_150000_160000.wav	0.0	10.0	Noise
Ci6AOhaplBk_30000_40000.wav	0.0	10.0	Noise
3ynLgFetJbU_30000_40000.wav	0.0	10.0	Voice
clTtwpS3lz8_0_10000.wav	0.0	10.0	Noise
lt3Gyqq1eMU_130000_140000.wav	0.0	10.0	Noise
8djA0CTUmfs_70000_80000.wav	0.0	10.0	Noise
7JMpPxDk1FQ_20000_30000.wav	0.0	10.0	Voice
7JMpPxDk1FQ_20000_30000.wav	0.0	10.0	Noise
TPkZTyJ5vCw_90000_100000.wav	0.0	10.0	Voice
tOETTox3oOA_140000_150000.wav	0.0	10.0	Noise
GTwvmhfEerk_200000_210000.wav	0.0	10.0	Noise
hdlWngShUM4_40000_50000.wav	0.0	10.0	Voice
iBs_q3565ek_30000_40000.wav	0.0	10.0	Noise
EgelnYxR4Jk_220000_230000.wav	0.0	10.0	Voice
3xq1KECssR0_30000_40000.wav	0.0	10.0	Noise
CSu8Bv3EY6o_40000_50000.wav	0.0	10.0	Voice
5oDtdyBKbQM_30000_40000.wav	0.0	10.0	Noise
Qep3JvGbT00_30000_40000.wav	0.0	10.0	Noise
E4-f0XdOEyg_50000_60000.wav	0.0	10.0	Noise
51JljzQ0Ug0_190000_200000.wav	0.0	10.0	Voice
MxJPva0NHE8_290000_300000.wav	0.0	10.0	Voice
MxJPva0NHE8_290000_300000.wav	0.0	10.0	Noise
AobHGHJSd-s_190000_200000.wav	0.0	10.0	Voice
AobHGHJSd-s_190000_200000.wav	0.0	10.0	Noise
yyUxuYGzges_20000_30000.wav	0.0	10.0	Noise
38foGXKvWXE_350000_360000.wav	0.0	10.0	Voice
YH9bqq7PRWg_170000_180000.wav	0.0	10.0	Voice
fhAAzi6MSXw_70000_80000.wav	0.0	10.0	Voice
fhAAzi6MSXw_70000_80000.wav	0.0	10.0	Noise
6hdJdgR2S7U_30000_40000.wav	0.0	10.0	Voice
6hdJdgR2S7U_30000_40000.wav	0.0	10.0	Noise
3O5oBAJc5Jc_30000_40000.wav	0.0	10.0	Voice
3O5oBAJc5Jc_30000_40000.wav	0.0	10.0	Noise
d5NgWFckX9c_0_10000.wav	0.0	10.0	Voice
s10D9v4j0js_180000_190000.wav	0.0	10.0	Noise
x2WKeR9h6D4_230000_240000.wav	0.0	10.0	Voice
x2WKeR9h6D4_230000_240000.wav	0.0	10.0	Noise
htV1meFOoqQ_10000_20000.wav	0.0	10.0	Noise
Nx38jZGl7Vw_30000_40000.wav	0.0	10.0	Noise
xDLPsLszLtk_30000_40000.wav	0.0	10.0	Noise
YgPBV3FUXaU_280000_290000.wav	0.0	10.0	Noise
lS-ze9KlSRE_0_10000.wav	0.0	10.0	Noise
-OVA1X6qUe4_0_10000.wav	0.0	10.0	Voice
-OVA1X6qUe4_0_10000.wav	0.0	10.0	Noise
2buGepGkJs4_4000_14000.wav	0.0	10.0	Noise
EGnrX8n76nQ_30000_40000.wav	0.0	10.0	Voice
AfMlXEOeSA8_30000_40000.wav	0.0	10.0	Voice
AfMlXEOeSA8_30000_40000.wav	0.0	10.0	Noise
LrJf_u-6V_c_40000_50000.wav	0.0	10.0	Noise
25ZuFwyx_bs_30000_40000.wav	0.0	10.0	Voice
25ZuFwyx_bs_30000_40000.wav	0.0	10.0	Noise
a4jcJ7QZ-OQ_150000_160000.wav	0.0	10.0	Voice
HRoBuZPVTzw_30000_40000.wav	0.0	10.0	Noise
07WMiY7QawQ_170000_180000.wav	0.0	10.0	Noise
d6FfR6sUq2I_50000_60000.wav	0.0	10.0	Voice
qgv0riPveBQ_30000_40000.wav	0.0	10.0	Voice
qgv0riPveBQ_30000_40000.wav	0.0	10.0	Noise
MTr4hsQUN7Q_100000_110000.wav	0.0	10.0	Noise
h542YbZuwkQ_60000_70000.wav	0.0	10.0	Noise
j6KW2SMXtZs_190000_200000.wav	0.0	10.0	Voice
j6KW2SMXtZs_190000_200000.wav	0.0	10.0	Noise
yq9nEQMqNIw_190000_200000.wav	0.0	10.0	Voice
yq9nEQMqNIw_190000_200000.wav	0.0	10.0	Noise
w4wAuaSnEeU_150000_160000.wav	0.0	10.0	Noise
MyZRlSUYbMk_130000_140000.wav	0.0	10.0	Voice
MyZRlSUYbMk_130000_140000.wav	0.0	10.0	Noise
2MOIjjCxOH8_30000_40000.wav	0.0	10.0	Noise
DRuRhvBePBY_12000_22000.wav	0.0	10.0	Noise
RHHivD8vDBQ_30000_40000.wav	0.0	10.0	Noise
zh4k5gY-Tnw_230000_240000.wav	0.0	10.0	Noise
41NHiifyW-M_0_8000.wav	0.0	10.0	Noise
STjeXeDomsw_90000_100000.wav	0.0	10.0	Voice
STjeXeDomsw_90000_100000.wav	0.0	10.0	Noise
rtH-BECbyUs_70000_80000.wav	0.0	10.0	Voice
rtH-BECbyUs_70000_80000.wav	0.0	10.0	Noise
iB20BqlDqVI_27000_37000.wav	0.0	10.0	Noise
63I8hv-_bEg_30000_40000.wav	0.0	10.0	Voice
63I8hv-_bEg_30000_40000.wav	0.0	10.0	Noise
ter1oaiwcF4_90000_100000.wav	0.0	10.0	Voice
h9wo9RYUHw0_0_10000.wav	0.0	10.0	Noise
JcLGOQLNMAw_0_10000.wav	0.0	10.0	Voice
RSFGUbrgUUg_110000_120000.wav	0.0	10.0	Noise
30MeepvvjDs_400000_410000.wav	0.0	10.0	Voice
30MeepvvjDs_400000_410000.wav	0.0	10.0	Noise
o60mq1XOpoo_30000_40000.wav	0.0	10.0	Voice
o60mq1XOpoo_30000_40000.wav	0.0	10.0	Noise
vcXWbi_Q_As_120000_130000.wav	0.0	10.0	Noise
wtA8A8_jBo4_30000_40000.wav	0.0	10.0	Noise
ED1Gw9dbe7c_30000_40000.wav	0.0	10.0	Voice
PVQHu_JlaEw_40000_50000.wav	0.0	10.0	Voice
SnfwFP-MBA0_570000_580000.wav	0.0	10.0	Voice
CwZbOyP1ep0_30000_40000.wav	0.0	10.0	Voice
CwZbOyP1ep0_30000_40000.wav	0.0	10.0	Noise
yJoELHadsvo_30000_40000.wav	0.0	10.0	Voice
yJoELHadsvo_30000_40000.wav	0.0	10.0	Noise
cGj3HP49BzA_30000_40000.wav	0.0	10.0	Noise
lZ8l5owHovs_80000_90000.wav	0.0	10.0	Voice
lZ8l5owHovs_80000_90000.wav	0.0	10.0	Noise
JgP7_HE3GII_20000_30000.wav	0.0	10.0	Voice
Fses3uI_DmY_40000_50000.wav	0.0	10.0	Voice
e56RyZ6i70U_160000_170000.wav	0.0	10.0	Voice
BXfE7YV-KrY_30000_40000.wav	0.0	10.0	Noise
WW9zvO8tFv4_100000_110000.wav	0.0	10.0	Voice
O1cJmgs2y3Q_30000_40000.wav	0.0	10.0	Noise
BKeyi6dBFkw_30000_40000.wav	0.0	10.0	Voice
BKeyi6dBFkw_30000_40000.wav	0.0	10.0	Noise
_UsNATz1sgE_30000_40000.wav	0.0	10.0	Noise
DVVrGlczXuY_250000_260000.wav	0.0	10.0	Voice
VHA18Hm_ccc_40000_50000.wav	0.0	10.0	Voice
VHA18Hm_ccc_40000_50000.wav	0.0	10.0	Noise
l52-LCtXNeE_10000_20000.wav	0.0	10.0	Voice
l52-LCtXNeE_10000_20000.wav	0.0	10.0	Noise
VL8OfA4a2W0_30000_40000.wav	0.0	10.0	Noise
XQXsAZJqDig_30000_40000.wav	0.0	10.0	Noise
NXFl2iN36eo_430000_440000.wav	0.0	10.0	Noise
ZbH3gTozIys_30000_40000.wav	0.0	10.0	Voice
-oMIxoQ5IBk_80000_90000.wav	0.0	10.0	Voice
aH4zNYJ3XuI_410000_420000.wav	0.0	10.0	Noise
QtNfRt5VyGE_190000_200000.wav	0.0	10.0	Voice
qOeV8QCjbPE_20000_30000.wav	0.0	10.0	Voice
dLc_WI25dao_90000_100000.wav	0.0	10.0	Noise
0qG0eD-ck2o_30000_40000.wav	0.0	10.0	Noise
QPQ5B6kYkWc_380000_390000.wav	0.0	10.0	Noise
7ZWi1swZy3c_16000_26000.wav	0.0	10.0	Noise
Bv_5gQggjmc_30000_40000.wav	0.0	10.0	Voice
Bv_5gQggjmc_30000_40000.wav	0.0	10.0	Noise
ZZITyckw784_30000_40000.wav	0.0	10.0	Noise
y0pfcGiP4R0_140000_150000.wav	0.0	10.0	Voice
Rv3egj9XcMo_10000_20000.wav	0.0	10.0	Voice
pcUZPBXQDgQ_30000_40000.wav	0.0	10.0	Voice
pcUZPBXQDgQ_30000_40000.wav	0.0	10.0	Noise
Z_CrrtPVGY0_90000_100000.wav	0.0	10.0	Voice
O8B5PuPLuwE_430000_440000.wav	0.0	10.0	Noise
5VzZ4pc_F4o_0_10000.wav	0.0	10.0	Noise
1tJroI5vXhE_26000_36000.wav	0.0	10.0	Noise
rHFOwlMCdto_440000_450000.wav	0.0	10.0	Voice
rHFOwlMCdto_440000_450000.wav	0.0	10.0	Noise
pwWXeX3NPNI_140000_150000.wav	0.0	10.0	Voice
R-rS1jnK9Wc_150000_160000.wav	0.0	10.0	Noise
N9aWUgrqDOQ_30000_40000.wav	0.0	10.0	Noise
xa_g2VbJDKE_30000_40000.wav	0.0	10.0	Voice
xa_g2VbJDKE_30000_40000.wav	0.0	10.0	Noise
akt9DQjMPp4_520000_530000.wav	0.0	10.0	Voice
eeCxm9MSzVM_340000_350000.wav	0.0	10.0	Voice
4pv_PISpQY4_21000_31000.wav	0.0	10.0	Voice
XueX_O01CXU_40000_50000.wav	0.0	10.0	Voice
QjOsYwpIHEA_6000_16000.wav	0.0	10.0	Voice
QjOsYwpIHEA_6000_16000.wav	0.0	10.0	Noise
w7maJzoa_nk_30000_40000.wav	0.0	10.0	Noise
tMSo91fZC1Q_250000_260000.wav	0.0	10.0	Voice
tMSo91fZC1Q_250000_260000.wav	0.0	10.0	Noise
ej9hTqRxWpA_30000_40000.wav	0.0	10.0	Noise
TNK2G4wY46g_30000_40000.wav	0.0	10.0	Noise
_i3le6BcxnA_30000_40000.wav	0.0	10.0	Voice
IdY9DrCR3I0_30000_40000.wav	0.0	10.0	Voice
uAuTJTPzqnY_20000_30000.wav	0.0	10.0	Voice
uAuTJTPzqnY_20000_30000.wav	0.0	10.0	Noise
GfiRcVgqRhk_420000_430000.wav	0.0	10.0	Noise
Ka39zTpPpFc_30000_40000.wav	0.0	10.0	Voice
Ka39zTpPpFc_30000_40000.wav	0.0	10.0	Noise
tFiuqY1clCY_30000_40000.wav	0.0	10.0	Voice
tFiuqY1clCY_30000_40000.wav	0.0	10.0	Noise
-5TlMbSgt6M_30000_40000.wav	0.0	10.0	Voice
TDBqWGhnoLM_10000_20000.wav	0.0	10.0	Noise
E1Zy0f1NES0_30000_40000.wav	0.0	10.0	Voice
2U0w9xUtMVk_30000_40000.wav	0.0	10.0	Noise
3YlU1npeYIE_30000_40000.wav	0.0	10.0	Voice
3YlU1npeYIE_30000_40000.wav	0.0	10.0	Noise
4REbjpA9pQk_30000_40000.wav	0.0	10.0	Voice
Kovg7t2111w_110000_120000.wav	0.0	10.0	Noise
y0AYIpO7uVE_130000_140000.wav	0.0	10.0	Voice
K0Li2J_-1qs_160000_170000.wav	0.0	10.0	Voice
K0Li2J_-1qs_160000_170000.wav	0.0	10.0	Noise
o-EHK_Bv1YU_100000_110000.wav	0.0	10.0	Noise
zxBo7nnAMVE_30000_40000.wav	0.0	10.0	Voice
ko96TU0FGPA_30000_40000.wav	0.0	10.0	Voice
ko96TU0FGPA_30000_40000.wav	0.0	10.0	Noise
LyddQHov9n4_320000_330000.wav	0.0	10.0	Noise
QZvayzlHB00_30000_40000.wav	0.0	10.0	Voice
QZvayzlHB00_30000_40000.wav	0.0	10.0	Noise
dz0Tj_wvKWs_120000_130000.wav	0.0	10.0	Noise
zhfxSYSJwe0_100000_110000.wav	0.0	10.0	Noise
G-pf0FF6LWU_30000_40000.wav	0.0	10.0	Noise
cRKpNfFBnwU_200000_210000.wav	0.0	10.0	Voice
JtTR904bXVU_330000_340000.wav	0.0	10.0	Voice
JtTR904bXVU_330000_340000.wav	0.0	10.0	Noise
GmyRCOTz_PI_100000_110000.wav	0.0	10.0	Voice
oHItXV-VRik_590000_600000.wav	0.0	10.0	Voice
oHItXV-VRik_590000_600000.wav	0.0	10.0	Noise
k_wbOH2E20s_40000_50000.wav	0.0	10.0	Voice
cVQsteRY8F4_20000_30000.wav	0.0	10.0	Voice
sS4NEhWjRss_30000_40000.wav	0.0	10.0	Noise
xsYDI8TcGUE_520000_530000.wav	0.0	10.0	Noise
MosOtH1imQA_30000_40000.wav	0.0	10.0	Voice
MosOtH1imQA_30000_40000.wav	0.0	10.0	Noise
9hUUPjrPJdU_30000_40000.wav	0.0	10.0	Voice
4qoeYzF9-0E_330000_340000.wav	0.0	10.0	Voice
F44nZHh-_x8_240000_250000.wav	0.0	10.0	Voice
Hj7z-7tqFoY_30000_40000.wav	0.0	10.0	Noise
e_d4PlRWVt8_210000_220000.wav	0.0	10.0	Voice
-XfvavqoXjM_130000_140000.wav	0.0	10.0	Noise
e4gZnjjz61k_70000_80000.wav	0.0	10.0	Voice
cEP09QDGvQU_10000_20000.wav	0.0	10.0	Noise
39IZIbmQPzA_40000_50000.wav	0.0	10.0	Voice
39IZIbmQPzA_40000_50000.wav	0.0	10.0	Noise
VdtlAX3uwXc_30000_40000.wav	0.0	10.0	Noise
8XiL5swy4PM_0_10000.wav	0.0	10.0	Noise
Ny4WfJ_v6nQ_140000_150000.wav	0.0	10.0	Noise
u054XEDSDmU_30000_40000.wav	0.0	10.0	Noise
aYGP1-2_0qg_0_10000.wav	0.0	10.0	Noise
bAw09fIbYRU_10000_20000.wav	0.0	10.0	Voice
20qZLse0acs_30000_40000.wav	0.0	10.0	Voice
20qZLse0acs_30000_40000.wav	0.0	10.0	Noise
3otm8fQ-FFU_10000_20000.wav	0.0	10.0	Voice
VFxUtvYFRJg_30000_40000.wav	0.0	10.0	Voice
VFxUtvYFRJg_30000_40000.wav	0.0	10.0	Noise
GJFBEk4AKCU_30000_40000.wav	0.0	10.0	Voice
GJFBEk4AKCU_30000_40000.wav	0.0	10.0	Noise
96Sd2jVvlb8_30000_40000.wav	0.0	10.0	Noise
3cxduX1gr5A_290000_300000.wav	0.0	10.0	Voice
SgUZ0L9hv5k_200000_210000.wav	0.0	10.0	Voice
SgUZ0L9hv5k_200000_210000.wav	0.0	10.0	Noise
G05qd2dU9ug_10000_20000.wav	0.0	10.0	Noise
NIRF2ugmr9o_30000_40000.wav	0.0	10.0	Noise
6vREYWtbgQI_20000_30000.wav	0.0	10.0	Noise
HbOVeNVoOZA_30000_40000.wav	0.0	10.0	Noise
3zNCO6PRaBM_30000_40000.wav	0.0	10.0	Noise
oCV9U-tP7Iw_20000_30000.wav	0.0	10.0	Noise
GCRNJuqhJlM_30000_40000.wav	0.0	10.0	Noise
Jg58aqpApwY_13000_23000.wav	0.0	10.0	Noise
GrEPLYfSG1c_30000_40000.wav	0.0	10.0	Voice
GrEPLYfSG1c_30000_40000.wav	0.0	10.0	Noise
8hjMdRqADdM_30000_40000.wav	0.0	10.0	Noise
Zn4FXnN_eNc_160000_170000.wav	0.0	10.0	Voice
DAZrpMslLYw_560000_570000.wav	0.0	10.0	Noise
p8GJyVtjU8I_30000_40000.wav	0.0	10.0	Noise
Sx0igMHmoK4_240000_250000.wav	0.0	10.0	Noise
peyhaVsGhS8_100000_110000.wav	0.0	10.0	Noise
y4NPNEIa1FU_210000_220000.wav	0.0	10.0	Voice
usV67b28VOE_180000_190000.wav	0.0	10.0	Voice
BQeoI1OS4PE_30000_40000.wav	0.0	10.0	Noise
L8asGSFW5yc_330000_340000.wav	0.0	10.0	Voice
L8asGSFW5yc_330000_340000.wav	0.0	10.0	Noise
uN6khvZEnu8_90000_100000.wav	0.0	10.0	Noise
2hBVVym00rc_30000_40000.wav	0.0	10.0	Voice
2hBVVym00rc_30000_40000.wav	0.0	10.0	Noise
aHBPA0aVPP8_0_10000.wav	0.0	10.0	Voice
aHBPA0aVPP8_0_10000.wav	0.0	10.0	Noise
HmluhhWGtoo_10000_20000.wav	0.0	10.0	Noise
T3aN_kf-h2E_110000_120000.wav	0.0	10.0	Noise
6JXz-GYGFhc_30000_40000.wav	0.0	10.0	Voice
6JXz-GYGFhc_30000_40000.wav	0.0	10.0	Noise
LUD3sJl3FDs_10000_20000.wav	0.0	10.0	Noise
9wvjN1hlQnA_30000_40000.wav	0.0	10.0	Noise
jqp6Iug3Haw_150000_160000.wav	0.0	10.0	Voice
3Otx5V-Tj1I_30000_40000.wav	0.0	10.0	Noise
f7IB4-RgSdI_450000_460000.wav	0.0	10.0	Voice
f7IB4-RgSdI_450000_460000.wav	0.0	10.0	Noise
r-ww2qIp1BE_30000_40000.wav	0.0	10.0	Voice
r-ww2qIp1BE_30000_40000.wav	0.0	10.0	Noise
k_a-bNslgLg_100000_110000.wav	0.0	10.0	Voice
JlA3-GPqgFI_30000_40000.wav	0.0	10.0	Noise
z-93SY5bJvY_70000_80000.wav	0.0	10.0	Voice
z-93SY5bJvY_70000_80000.wav	0.0	10.0	Noise
50Wzi3SQ6Bo_30000_40000.wav	0.0	10.0	Voice
fN3YL613sfQ_10000_20000.wav	0.0	10.0	Noise
HTHpV7D9Cyg_210000_220000.wav	0.0	10.0	Noise
jY8Qv7ziJyI_20000_30000.wav	0.0	10.0	Voice
py1ixT4cWCs_0_10000.wav	0.0	10.0	Noise
KG2wo9mB2Sg_300000_310000.wav	0.0	10.0	Noise
8a_8v0LzJjE_30000_40000.wav	0.0	10.0	Voice
8a_8v0LzJjE_30000_40000.wav	0.0	10.0	Noise
_yg2BFaWaGw_80000_90000.wav	0.0	10.0	Noise
n0qybv8D0DQ_30000_40000.wav	0.0	10.0	Noise
D9V2aKatbOg_120000_130000.wav	0.0	10.0	Voice
bEFqa3akfkE_210000_220000.wav	0.0	10.0	Voice
bEFqa3akfkE_210000_220000.wav	0.0	10.0	Noise
s2rKr07YOiM_110000_120000.wav	0.0	10.0	Noise
QYupglhG4W0_20000_30000.wav	0.0	10.0	Voice
LD8lSS3sLGY_10000_20000.wav	0.0	10.0	Noise
VJRfai0eN1g_460000_470000.wav	0.0	10.0	Voice
VJRfai0eN1g_460000_470000.wav	0.0	10.0	Noise
NsvjY_9m5pM_590000_600000.wav	0.0	10.0	Voice
NsvjY_9m5pM_590000_600000.wav	0.0	10.0	Noise
rfnCy8Padec_300000_310000.wav	0.0	10.0	Noise
sknp8_K8CBU_10000_20000.wav	0.0	10.0	Voice
sknp8_K8CBU_10000_20000.wav	0.0	10.0	Noise
zwlDfLMEjTc_30000_40000.wav	0.0	10.0	Noise
-uYzRNOqTi4_110000_120000.wav	0.0	10.0	Voice
hr-tBZ9v1bg_30000_40000.wav	0.0	10.0	Voice
hr-tBZ9v1bg_30000_40000.wav	0.0	10.0	Noise
wMbAjMyoa-U_90000_100000.wav	0.0	10.0	Voice
WW4Y6BTQzdM_290000_300000.wav	0.0	10.0	Voice
Eb6AWCZwCkI_30000_40000.wav	0.0	10.0	Voice
Eb6AWCZwCkI_30000_40000.wav	0.0	10.0	Noise
1nTC3RX-dF8_50000_60000.wav	0.0	10.0	Voice
1nTC3RX-dF8_50000_60000.wav	0.0	10.0	Noise
2l5ap0p_3-o_30000_40000.wav	0.0	10.0	Noise
kI7iwxciHqk_30000_40000.wav	0.0	10.0	Noise
MNoPllvrhaU_30000_40000.wav	0.0	10.0	Noise
BY7pzTrdcpQ_190000_200000.wav	0.0	10.0	Voice
BY7pzTrdcpQ_190000_200000.wav	0.0	10.0	Noise
0FqZ-wKg69I_20000_30000.wav	0.0	10.0	Noise
TT0qNVbyevg_20000_30000.wav	0.0	10.0	Voice
TT0qNVbyevg_20000_30000.wav	0.0	10.0	Noise
9lBUleNQW_Q_28000_38000.wav	0.0	10.0	Voice
9lBUleNQW_Q_28000_38000.wav	0.0	10.0	Noise
KZXC1iouJyo_70000_80000.wav	0.0	10.0	Noise
-kYjRk9juZ4_30000_40000.wav	0.0	10.0	Voice
S4CUwgnRmw0_10000_20000.wav	0.0	10.0	Voice
u3RbBS76MZs_30000_40000.wav	0.0	10.0	Voice
u3RbBS76MZs_30000_40000.wav	0.0	10.0	Noise
3JUfBqcy2gU_30000_40000.wav	0.0	10.0	Voice
3JUfBqcy2gU_30000_40000.wav	0.0	10.0	Noise
v0VMZ0a5g44_490000_500000.wav	0.0	10.0	Voice
v0VMZ0a5g44_490000_500000.wav	0.0	10.0	Noise
R3SHAxRROSY_320000_330000.wav	0.0	10.0	Voice
R3SHAxRROSY_320000_330000.wav	0.0	10.0	Noise
ZjXLe28F4ag_170000_180000.wav	0.0	10.0	Voice
ZjXLe28F4ag_170000_180000.wav	0.0	10.0	Noise
71I9l62agtM_460000_470000.wav	0.0	10.0	Noise
WedcZF0D8Fg_30000_40000.wav	0.0	10.0	Noise
FnXCP_FGp5c_0_10000.wav	0.0	10.0	Voice
FnXCP_FGp5c_0_10000.wav	0.0	10.0	Noise
4G7Ma-hh3e8_30000_40000.wav	0.0	10.0	Noise
yuAO_RHpqrY_30000_40000.wav	0.0	10.0	Noise
QG8zSjiVX3k_20000_30000.wav	0.0	10.0	Noise
xXFyAC2KscM_550000_560000.wav	0.0	10.0	Noise
lwH2QYblmfs_210000_220000.wav	0.0	10.0	Voice
DpLi9YH5idY_30000_40000.wav	0.0	10.0	Noise
IlNDcu3Alyg_90000_100000.wav	0.0	10.0	Noise
Rk2wiHO_I44_570000_580000.wav	0.0	10.0	Voice
yvXeG2ievEY_320000_330000.wav	0.0	10.0	Voice
MPGxI4vDsq0_0_10000.wav	0.0	10.0	Noise
nMFzsQ3sACs_60000_70000.wav	0.0	10.0	Voice
5d4BZgQFqHE_30000_40000.wav	0.0	10.0	Voice
5d4BZgQFqHE_30000_40000.wav	0.0	10.0	Noise
u9N-iBXT4u0_510000_520000.wav	0.0	10.0	Voice
j03cah7gGFU_140000_150000.wav	0.0	10.0	Voice
iTogHZ4AmhM_10000_20000.wav	0.0	10.0	Noise
Tp0fTM-Ds9A_10000_20000.wav	0.0	10.0	Voice
Tp0fTM-Ds9A_10000_20000.wav	0.0	10.0	Noise
Jh6HFs7HDqE_30000_40000.wav	0.0	10.0	Noise
Pl6CoK8g4qI_30000_40000.wav	0.0	10.0	Noise
9FgOjyki86c_30000_40000.wav	0.0	10.0	Noise
YbhtDQUdtDQ_70000_80000.wav	0.0	10.0	Voice
YbhtDQUdtDQ_70000_80000.wav	0.0	10.0	Noise
AYo036QciXI_30000_40000.wav	0.0	10.0	Voice
fhdtGlPRvPc_40000_50000.wav	0.0	10.0	Voice
CRVAN9ydAjw_190000_200000.wav	0.0	10.0	Voice
rFEXl4w_dDY_70000_80000.wav	0.0	10.0	Noise
Jc7T3JCmvQ8_50000_60000.wav	0.0	10.0	Voice
Jc7T3JCmvQ8_50000_60000.wav	0.0	10.0	Noise
SVSBo065hmw_0_10000.wav	0.0	10.0	Voice
SVSBo065hmw_0_10000.wav	0.0	10.0	Noise
hXyd1tQ8p-4_190000_200000.wav	0.0	10.0	Noise
Dq29NSr8wDA_40000_50000.wav	0.0	10.0	Noise
J1_JJiaAwqk_80000_90000.wav	0.0	10.0	Voice
qMWo0FweqB0_0_10000.wav	0.0	10.0	Voice
qMWo0FweqB0_0_10000.wav	0.0	10.0	Noise
8ecguKdQpDE_0_10000.wav	0.0	10.0	Voice
CSjJC9EKSiQ_100000_110000.wav	0.0	10.0	Voice
CSjJC9EKSiQ_100000_110000.wav	0.0	10.0	Noise
Cz-oU-x9ivQ_90000_100000.wav	0.0	10.0	Voice
Cz-oU-x9ivQ_90000_100000.wav	0.0	10.0	Noise
4y-H6dj1iik_30000_40000.wav	0.0	10.0	Voice
WfvympwTcsc_410000_420000.wav	0.0	10.0	Voice
WfvympwTcsc_410000_420000.wav	0.0	10.0	Noise
_1f3piTQtmo_11000_21000.wav	0.0	10.0	Voice
_1f3piTQtmo_11000_21000.wav	0.0	10.0	Noise
6lKlyFWAGG0_40000_50000.wav	0.0	10.0	Voice
6lKlyFWAGG0_40000_50000.wav	0.0	10.0	Noise
XGIGmJKZTbg_510000_520000.wav	0.0	10.0	Noise
ig4gGdMB348_30000_40000.wav	0.0	10.0	Noise
mq0AQsY9EQA_9000_19000.wav	0.0	10.0	Voice
mq0AQsY9EQA_9000_19000.wav	0.0	10.0	Noise
f2I4hN0VUTA_50000_60000.wav	0.0	10.0	Voice
Q8K8pFSihxE_400000_410000.wav	0.0	10.0	Voice
Q8K8pFSihxE_400000_410000.wav	0.0	10.0	Noise
4ndtzRrJFIU_30000_40000.wav	0.0	10.0	Voice
4ndtzRrJFIU_30000_40000.wav	0.0	10.0	Noise
9kYOOZBnN_4_120000_130000.wav	0.0	10.0	Noise
Dce7cS50UaM_10000_20000.wav	0.0	10.0	Voice
Dce7cS50UaM_10000_20000.wav	0.0	10.0	Noise
vBXPyBiyJG0_30000_40000.wav	0.0	10.0	Voice
vBXPyBiyJG0_30000_40000.wav	0.0	10.0	Noise
7MdY1NLKls4_550000_560000.wav	0.0	10.0	Voice
lrhnFGHwbrA_12000_22000.wav	0.0	10.0	Voice
lrhnFGHwbrA_12000_22000.wav	0.0	10.0	Noise
xxxLKalpA7g_350000_360000.wav	0.0	10.0	Noise
v4-ZgvZFkXs_200000_210000.wav	0.0	10.0	Voice
Mj51bVlY8Fg_150000_160000.wav	0.0	10.0	Voice
wsnPrAPn1wc_10000_20000.wav	0.0	10.0	Noise
Aa8lvl6b-iM_120000_130000.wav	0.0	10.0	Voice
cFaNG2nm3GE_150000_160000.wav	0.0	10.0	Noise
zoJqbwq8o1E_30000_40000.wav	0.0	10.0	Voice
zoJqbwq8o1E_30000_40000.wav	0.0	10.0	Noise
dJcw5JL5-o8_30000_40000.wav	0.0	10.0	Noise
1FduzbqSbAo_30000_40000.wav	0.0	10.0	Voice
xXERYCHWfts_100000_110000.wav	0.0	10.0	Voice
5mbSMNr3NkI_30000_40000.wav	0.0	10.0	Voice
rBjPObr45eM_10000_20000.wav	0.0	10.0	Noise
5ANhO_qJe34_10000_20000.wav	0.0	10.0	Voice
5ANhO_qJe34_10000_20000.wav	0.0	10.0	Noise
jCfF3pTzHic_150000_160000.wav	0.0	10.0	Noise
iwVUIRXwb08_120000_130000.wav	0.0	10.0	Voice
1CMFn84K6Mk_80000_90000.wav	0.0	10.0	Noise
t2-rK9pLF9w_70000_80000.wav	0.0	10.0	Voice
ht_NiWYO0h4_200000_210000.wav	0.0	10.0	Voice
IFVeQqSwXrY_570000_580000.wav	0.0	10.0	Noise
3Ai5T61iv8E_10000_20000.wav	0.0	10.0	Voice
V8n8_uUmS6g_90000_100000.wav	0.0	10.0	Noise
Ny02BUOwTwU_20000_30000.wav	0.0	10.0	Noise
4pMbt1TsaVU_60000_70000.wav	0.0	10.0	Voice
SHOS0ilSOQo_220000_230000.wav	0.0	10.0	Noise
1nTt_OOAVZA_0_10000.wav	0.0	10.0	Noise
2qBlgr8QJX4_30000_40000.wav	0.0	10.0	Voice
PsjFSBOLHHU_10000_20000.wav	0.0	10.0	Noise
HpCDvB7FgTU_20000_30000.wav	0.0	10.0	Noise
KPk01j1f4ZE_110000_120000.wav	0.0	10.0	Voice
KPk01j1f4ZE_110000_120000.wav	0.0	10.0	Noise
IS2_K1JegaQ_320000_330000.wav	0.0	10.0	Voice
IS2_K1JegaQ_320000_330000.wav	0.0	10.0	Noise
mUTwqZpxEhk_210000_220000.wav	0.0	10.0	Voice
Jy03zUiOSSI_270000_280000.wav	0.0	10.0	Voice
3p8RkDtYEgE_50000_60000.wav	0.0	10.0	Noise
8p9iluyE7s8_40000_50000.wav	0.0	10.0	Noise
YrCByX3Lm8Y_50000_60000.wav	0.0	10.0	Noise
VeCSHwtkBZU_30000_40000.wav	0.0	10.0	Noise
FIzOs5xBwZ0_10000_20000.wav	0.0	10.0	Noise
NYHQWCfErzA_0_10000.wav	0.0	10.0	Noise
8-Fj8XVfW7Q_30000_40000.wav	0.0	10.0	Voice
xilLZ0bffbY_10000_20000.wav	0.0	10.0	Noise
sQDMqzfpd-Q_10000_20000.wav	0.0	10.0	Voice
YdW0AN4fCCU_30000_40000.wav	0.0	10.0	Noise
Rl2Vl3K8ZPg_110000_120000.wav	0.0	10.0	Voice
5190n8RJI_k_140000_150000.wav	0.0	10.0	Noise
WbJKEyo0Sno_80000_90000.wav	0.0	10.0	Noise
AZ5UXCfZXNM_70000_80000.wav	0.0	10.0	Noise
iYRzecdZBmY_300000_310000.wav	0.0	10.0	Noise
lzgctZ6Q6RM_0_10000.wav	0.0	10.0	Noise
BtrmVCFYLYU_60000_70000.wav	0.0	10.0	Noise
lnClssYHVsE_30000_40000.wav	0.0	10.0	Voice
lnClssYHVsE_30000_40000.wav	0.0	10.0	Noise
bIObkrK06rk_10000_20000.wav	0.0	10.0	Voice
bIObkrK06rk_10000_20000.wav	0.0	10.0	Noise
6f8Nw7Q6kh0_24000_34000.wav	0.0	10.0	Voice
6f8Nw7Q6kh0_24000_34000.wav	0.0	10.0	Noise
3jsK4rhvRmY_190000_200000.wav	0.0	10.0	Voice
3jsK4rhvRmY_190000_200000.wav	0.0	10.0	Noise
VDFROGFvTzE_190000_200000.wav	0.0	10.0	Noise
dht9Lmw8vcY_40000_50000.wav	0.0	10.0	Noise
050nJb7x1dA_30000_40000.wav	0.0	10.0	Noise
6q1I7THtd8w_330000_340000.wav	0.0	10.0	Voice
6q1I7THtd8w_330000_340000.wav	0.0	10.0	Noise
5ixvBFzG0kc_28000_38000.wav	0.0	10.0	Noise
hD4PhLPjzTo_20000_30000.wav	0.0	10.0	Voice
V-nnCMw6VCM_70000_80000.wav	0.0	10.0	Voice
V-nnCMw6VCM_70000_80000.wav	0.0	10.0	Noise
7oNljd7R1f8_19000_29000.wav	0.0	10.0	Noise
KvEaBMuxY0k_550000_560000.wav	0.0	10.0	Voice
Mdrx_M2e9Qo_280000_290000.wav	0.0	10.0	Noise
qkmWrUykkuA_20000_30000.wav	0.0	10.0	Noise
wEiZ40jKlEc_50000_60000.wav	0.0	10.0	Noise
5BEhXgn_NwA_30000_40000.wav	0.0	10.0	Noise
uUiZrgUpw2A_30000_40000.wav	0.0	10.0	Noise
9zMqxJ7FuoI_30000_40000.wav	0.0	10.0	Voice
9zMqxJ7FuoI_30000_40000.wav	0.0	10.0	Noise
4_crYF31kaA_12000_22000.wav	0.0	10.0	Noise
d1AiPavMAuI_230000_240000.wav	0.0	10.0	Voice
lj5ebWq5ASw_110000_120000.wav	0.0	10.0	Noise
VankuspxUW8_10000_20000.wav	0.0	10.0	Voice
VankuspxUW8_10000_20000.wav	0.0	10.0	Noise
EfXAFQ_gfTk_30000_40000.wav	0.0	10.0	Voice
EfXAFQ_gfTk_30000_40000.wav	0.0	10.0	Noise
sSqrSMB7Wk4_0_10000.wav	0.0	10.0	Voice
sSqrSMB7Wk4_0_10000.wav	0.0	10.0	Noise
J568lvE5w9s_40000_50000.wav	0.0	10.0	Noise
M7QNk2-i0IM_200000_210000.wav	0.0	10.0	Noise
QtaD5Ujh0dw_280000_290000.wav	0.0	10.0	Voice
kyuM4VcZzMU_0_10000.wav	0.0	10.0	Noise
3AzacBprTzU_60000_70000.wav	0.0	10.0	Noise
3iSc3b-JMZo_30000_40000.wav	0.0	10.0	Noise
JnVIma1HEYk_11000_21000.wav	0.0	10.0	Noise
P8NBWOVl_oY_100000_110000.wav	0.0	10.0	Voice
rxDsBX3tE08_30000_40000.wav	0.0	10.0	Voice
rxDsBX3tE08_30000_40000.wav	0.0	10.0	Noise
6GWeysAvH44_30000_40000.wav	0.0	10.0	Voice
IY26oPUDbOA_500000_510000.wav	0.0	10.0	Voice
H__KvDS1Uf8_30000_40000.wav	0.0	10.0	Voice
k6T5A21RwH0_240000_250000.wav	0.0	10.0	Noise
47oPAWK1z-Y_30000_40000.wav	0.0	10.0	Voice
EFawahyoOeU_30000_40000.wav	0.0	10.0	Voice
FC8EAltsW10_0_10000.wav	0.0	10.0	Voice
FC8EAltsW10_0_10000.wav	0.0	10.0	Noise
W6HDe_tb68Y_60000_70000.wav	0.0	10.0	Voice
W6HDe_tb68Y_60000_70000.wav	0.0	10.0	Noise
aGMSGAinfQQ_340000_350000.wav	0.0	10.0	Noise
4z56dXFDtcQ_30000_40000.wav	0.0	10.0	Noise
3sHwRGqD_KY_30000_40000.wav	0.0	10.0	Voice
XYQZFbUqGVY_40000_50000.wav	0.0	10.0	Noise
ej9iUOMJqp8_30000_40000.wav	0.0	10.0	Noise
jwlHPZqkStg_30000_40000.wav	0.0	10.0	Noise
GYbrLF2ORt0_480000_490000.wav	0.0	10.0	Voice
WpRe5RpZAMA_100000_110000.wav	0.0	10.0	Noise
oN0-am2l6gA_30000_40000.wav	0.0	10.0	Voice
YHbzWh59Wp8_150000_160000.wav	0.0	10.0	Voice
YHbzWh59Wp8_150000_160000.wav	0.0	10.0	Noise
4BO6EbCTKwM_16000_26000.wav	0.0	10.0	Noise
GI2qroDSQTk_10000_20000.wav	0.0	10.0	Noise
YbhqKFSDpqE_180000_190000.wav	0.0	10.0	Voice
iE5tsUVcw_E_190000_200000.wav	0.0	10.0	Noise
QKlP-U1YgIs_490000_500000.wav	0.0	10.0	Voice
adCO0aQJSvs_280000_290000.wav	0.0	10.0	Voice
qzO0POBh6yg_30000_40000.wav	0.0	10.0	Voice
qzO0POBh6yg_30000_40000.wav	0.0	10.0	Noise
A6T7Pu4pL1M_30000_40000.wav	0.0	10.0	Voice
RA3U2w14aA8_280000_290000.wav	0.0	10.0	Noise
ndOndyUD1kE_60000_70000.wav	0.0	10.0	Voice
ndOndyUD1kE_60000_70000.wav	0.0	10.0	Noise
Au0x7cWDCV8_380000_390000.wav	0.0	10.0	Noise
0qbp0OtOvl4_30000_40000.wav	0.0	10.0	Noise
9_eXYyA8N18_530000_540000.wav	0.0	10.0	Voice
GsiRs9id6wc_30000_40000.wav	0.0	10.0	Noise
PSgs1JShKnc_30000_40000.wav	0.0	10.0	Noise
1T7dlWkTZUY_20000_30000.wav	0.0	10.0	Noise
EVZJOyg9-YA_320000_330000.wav	0.0	10.0	Voice
H8E8ojQ-eNo_30000_40000.wav	0.0	10.0	Voice
H8E8ojQ-eNo_30000_40000.wav	0.0	10.0	Noise
Ld6tsmBzzMg_30000_40000.wav	0.0	10.0	Noise
RxibnyBfX5A_22000_32000.wav	0.0	10.0	Noise
yiUjTimfsHE_160000_170000.wav	0.0	10.0	Noise
QDfDR1bfMtQ_20000_30000.wav	0.0	10.0	Noise
keoHGBIW-RE_40000_50000.wav	0.0	10.0	Voice
2qIxLB9a6AM_30000_40000.wav	0.0	10.0	Voice
Th3mJWxUQ0w_90000_100000.wav	0.0	10.0	Voice
eTAj-5bgWjA_70000_80000.wav	0.0	10.0	Voice
eTAj-5bgWjA_70000_80000.wav	0.0	10.0	Noise
y397pUAaF40_30000_40000.wav	0.0	10.0	Noise
f9sUjjQWP-c_30000_40000.wav	0.0	10.0	Noise
gxLU-vpsFPo_50000_60000.wav	0.0	10.0	Noise
dE4KsOMHkVE_270000_280000.wav	0.0	10.0	Voice
xHanr1Wgbe8_170000_180000.wav	0.0	10.0	Noise
WmaUDucAXyk_30000_40000.wav	0.0	10.0	Noise
vdRntQGRhFY_140000_150000.wav	0.0	10.0	Voice
RpgS7AtHKCA_0_10000.wav	0.0	10.0	Noise
kJ8ltbemv5I_430000_440000.wav	0.0	10.0	Noise
Fs_fVR-n1fE_10000_20000.wav	0.0	10.0	Noise
MmIbd_h1DQk_22000_32000.wav	0.0	10.0	Noise
pPbGCsZwHUQ_30000_40000.wav	0.0	10.0	Noise
PxonMhSEd7I_40000_50000.wav	0.0	10.0	Voice
SXY-8a06KoE_10000_20000.wav	0.0	10.0	Voice
UtzvBkQgt58_30000_40000.wav	0.0	10.0	Noise
CeXGmIjebkU_100000_110000.wav	0.0	10.0	Noise
YcSKutoCUa0_20000_30000.wav	0.0	10.0	Noise
Lhd0A3gu2gA_270000_280000.wav	0.0	10.0	Noise
sUeZrQtAJFc_40000_50000.wav	0.0	10.0	Voice
sUeZrQtAJFc_40000_50000.wav	0.0	10.0	Noise
GCWCB_3fvkI_30000_40000.wav	0.0	10.0	Voice
5LGHyPuOjOY_12000_22000.wav	0.0	10.0	Noise
b2m8zgjdRZU_10000_20000.wav	0.0	10.0	Noise
BQYGJUpVQCA_400000_410000.wav	0.0	10.0	Noise
j5okBlg-VIo_0_10000.wav	0.0	10.0	Voice
j5okBlg-VIo_0_10000.wav	0.0	10.0	Noise
ILv7AQF-ltI_30000_40000.wav	0.0	10.0	Noise
K26KJP5ZxA0_30000_40000.wav	0.0	10.0	Voice
K26KJP5ZxA0_30000_40000.wav	0.0	10.0	Noise
i4s8ns7AV5Q_160000_170000.wav	0.0	10.0	Voice
3DmCT4Jgqwo_120000_130000.wav	0.0	10.0	Voice
Znza6jR-rlk_130000_140000.wav	0.0	10.0	Voice
Znza6jR-rlk_130000_140000.wav	0.0	10.0	Noise
Maul1ExUbfk_20000_30000.wav	0.0	10.0	Noise
hSKTS8-QQAk_480000_490000.wav	0.0	10.0	Voice
hSKTS8-QQAk_480000_490000.wav	0.0	10.0	Noise
AJuAt8cEYbA_30000_40000.wav	0.0	10.0	Voice
rT1o1DBX8d0_30000_40000.wav	0.0	10.0	Voice
rT1o1DBX8d0_30000_40000.wav	0.0	10.0	Noise
C2S8fc0cw7U_17000_27000.wav	0.0	10.0	Voice
C2S8fc0cw7U_17000_27000.wav	0.0	10.0	Noise
nZEyxGtEugE_50000_60000.wav	0.0	10.0	Noise
cYr2pJVXLPo_10000_20000.wav	0.0	10.0	Noise
-Gu-M-lF9Gs_30000_40000.wav	0.0	10.0	Noise
XXye9fPaHbY_30000_40000.wav	0.0	10.0	Noise
3heFzrR9Eio_0_10000.wav	0.0	10.0	Noise
lD3L2dub2AI_70000_80000.wav	0.0	10.0	Noise
XJG8Cb7XETw_50000_60000.wav	0.0	10.0	Voice
XJG8Cb7XETw_50000_60000.wav	0.0	10.0	Noise
9ezA12O_aOE_170000_180000.wav	0.0	10.0	Voice
9ezA12O_aOE_170000_180000.wav	0.0	10.0	Noise
GrYd_AjsvIs_370000_380000.wav	0.0	10.0	Noise
7YKROGEFq4w_11000_21000.wav	0.0	10.0	Noise
iZ2K_GPtc6g_30000_40000.wav	0.0	10.0	Noise
Y9RWGoyvacQ_20000_30000.wav	0.0	10.0	Voice
zo7G7Uc2in8_60000_70000.wav	0.0	10.0	Voice
vlcuAoBH4xc_30000_40000.wav	0.0	10.0	Voice
ouk9BCmXeHs_30000_40000.wav	0.0	10.0	Voice
ouk9BCmXeHs_30000_40000.wav	0.0	10.0	Noise
PdxtuqiUsZ4_100000_110000.wav	0.0	10.0	Voice
PdxtuqiUsZ4_100000_110000.wav	0.0	10.0	Noise
7P5Jpl4OLmI_10000_20000.wav	0.0	10.0	Voice
X1r_L-7cJ00_20000_30000.wav	0.0	10.0	Voice
X1r_L-7cJ00_20000_30000.wav	0.0	10.0	Noise
VPhq3ATlSb4_220000_230000.wav	0.0	10.0	Voice
E-UO9d2t8J0_90000_100000.wav	0.0	10.0	Voice
q8Jy6o-3pmE_120000_130000.wav	0.0	10.0	Voice
a_pZSlcFQms_50000_60000.wav	0.0	10.0	Voice
ZYUqiTertQc_40000_50000.wav	0.0	10.0	Voice
t0YCaoQ9XPQ_10000_20000.wav	0.0	10.0	Voice
_6h5gyP-ym8_10000_20000.wav	0.0	10.0	Voice
_6h5gyP-ym8_10000_20000.wav	0.0	10.0	Noise
I2n5ynW2USE_210000_220000.wav	0.0	10.0	Voice
HDxAjzoWIVg_20000_30000.wav	0.0	10.0	Noise
N-AlPzptVQo_120000_130000.wav	0.0	10.0	Voice
N-AlPzptVQo_120000_130000.wav	0.0	10.0	Noise
sRNILhT-i-o_70000_80000.wav	0.0	10.0	Voice
3gUPjyXigzE_30000_40000.wav	0.0	10.0	Voice
3gUPjyXigzE_30000_40000.wav	0.0	10.0	Noise
JDKkLC8bwKs_0_10000.wav	0.0	10.0	Voice
NFcG3_7wNfE_10000_20000.wav	0.0	10.0	Voice
EMLpB_ZP0c0_30000_40000.wav	0.0	10.0	Voice
8C93XGkTb4E_80000_90000.wav	0.0	10.0	Voice
1QrqkC1mt94_0_10000.wav	0.0	10.0	Voice
1QrqkC1mt94_0_10000.wav	0.0	10.0	Noise
CPDLknJ4B1s_30000_40000.wav	0.0	10.0	Voice
8BspT4P2ZqE_30000_40000.wav	0.0	10.0	Voice
CcsSC4pLAMM_240000_250000.wav	0.0	10.0	Voice
CcsSC4pLAMM_240000_250000.wav	0.0	10.0	Noise
muHiIwgxCi8_240000_250000.wav	0.0	10.0	Voice
1LkKft4ZnC8_190000_200000.wav	0.0	10.0	Voice
8bWiMSaKaRw_430000_440000.wav	0.0	10.0	Voice
sHugNb_j1yQ_100000_110000.wav	0.0	10.0	Voice
b8vQmsmcz8E_30000_40000.wav	0.0	10.0	Voice
b8vQmsmcz8E_30000_40000.wav	0.0	10.0	Noise
Uii968s1N7w_30000_40000.wav	0.0	10.0	Voice
Uii968s1N7w_30000_40000.wav	0.0	10.0	Noise
AiovCz7AaG4_190000_200000.wav	0.0	10.0	Voice
FBIxTZSLqoI_100000_110000.wav	0.0	10.0	Voice
35KLb0tUd0U_30000_40000.wav	0.0	10.0	Voice
35KLb0tUd0U_30000_40000.wav	0.0	10.0	Noise
3VosSxNU74s_0_10000.wav	0.0	10.0	Voice
RcFXHtkQ1FQ_120000_130000.wav	0.0	10.0	Voice
EdTTV0kdkgA_30000_40000.wav	0.0	10.0	Voice
C_Bne6LgmHQ_60000_70000.wav	0.0	10.0	Voice
gCvWAVrj9k4_40000_50000.wav	0.0	10.0	Voice
yjgITVACv5s_28000_38000.wav	0.0	10.0	Voice
yjgITVACv5s_28000_38000.wav	0.0	10.0	Noise
41Uo5PMlX1s_50000_60000.wav	0.0	10.0	Voice
41Uo5PMlX1s_50000_60000.wav	0.0	10.0	Noise
2x_T_3hfxWU_140000_150000.wav	0.0	10.0	Voice
9267ZGGuUgE_30000_40000.wav	0.0	10.0	Noise
QtwnREwrSNs_180000_190000.wav	0.0	10.0	Voice
QtwnREwrSNs_180000_190000.wav	0.0	10.0	Noise
U1QoSu9qWXY_30000_40000.wav	0.0	10.0	Voice
AKMuR1-yWAc_420000_430000.wav	0.0	10.0	Voice
AKMuR1-yWAc_420000_430000.wav	0.0	10.0	Noise
5Hs4o9kbIeo_270000_280000.wav	0.0	10.0	Voice
LZNoc3idjOs_40000_50000.wav	0.0	10.0	Voice
ODOrls3MuZI_190000_200000.wav	0.0	10.0	Voice
-IM5NrGk9Bg_30000_40000.wav	0.0	10.0	Voice
x2U2nGsne0E_310000_320000.wav	0.0	10.0	Voice
tKVi5Bpp9XU_12000_22000.wav	0.0	10.0	Voice
OUigBLDgX5s_40000_50000.wav	0.0	10.0	Voice
OUigBLDgX5s_40000_50000.wav	0.0	10.0	Noise
yV_Bwb2BVJs_260000_270000.wav	0.0	10.0	Voice
0gll2c4_468_30000_40000.wav	0.0	10.0	Voice
N1EZPgsLNow_40000_50000.wav	0.0	10.0	Voice
N1EZPgsLNow_40000_50000.wav	0.0	10.0	Noise
eX8iv-oLung_60000_70000.wav	0.0	10.0	Voice
sR5iXmHwDls_30000_40000.wav	0.0	10.0	Voice
pFRbX0oCPM8_510000_520000.wav	0.0	10.0	Noise
uJ2ypMO5f_M_70000_80000.wav	0.0	10.0	Voice
-AhSDuM7urs_20000_30000.wav	0.0	10.0	Voice
0s9qC5gqgVQ_30000_40000.wav	0.0	10.0	Voice
0s9qC5gqgVQ_30000_40000.wav	0.0	10.0	Noise
gXOyw8a4_Xs_30000_40000.wav	0.0	10.0	Voice
4nynKDC7LHE_290000_300000.wav	0.0	10.0	Voice
qilVdOks5WY_30000_40000.wav	0.0	10.0	Voice
QwqFECthxko_20000_30000.wav	0.0	10.0	Voice
iELDexqH6mc_30000_40000.wav	0.0	10.0	Noise
k0Z3J4y8vCI_110000_120000.wav	0.0	10.0	Voice
CDM7Ma1WJdE_30000_40000.wav	0.0	10.0	Voice
CDM7Ma1WJdE_30000_40000.wav	0.0	10.0	Noise
aoQxhoKNmBA_30000_40000.wav	0.0	10.0	Voice
pwBTPDXuLbg_10000_20000.wav	0.0	10.0	Voice
pwBTPDXuLbg_10000_20000.wav	0.0	10.0	Noise
c-VI4QdHbi0_130000_140000.wav	0.0	10.0	Voice
n6HYW4eRQj0_10000_20000.wav	0.0	10.0	Voice
zNDW2Ok4Ftc_70000_80000.wav	0.0	10.0	Voice
16eQPjQK5u0_30000_40000.wav	0.0	10.0	Voice
8ByU424Rsmo_30000_40000.wav	0.0	10.0	Voice
8ByU424Rsmo_30000_40000.wav	0.0	10.0	Noise
1FKo8SmyVQo_30000_40000.wav	0.0	10.0	Voice
vGR8TUXdP4I_150000_160000.wav	0.0	10.0	Voice
9_qb5UVMR1E_320000_330000.wav	0.0	10.0	Voice
2c0hS4newrY_30000_40000.wav	0.0	10.0	Voice
8TkXXqFWNWQ_240000_250000.wav	0.0	10.0	Noise
Bce-7T0jiUM_30000_40000.wav	0.0	10.0	Voice
Bce-7T0jiUM_30000_40000.wav	0.0	10.0	Noise
0Tq3rZWJQWg_30000_40000.wav	0.0	10.0	Voice
pS63_yBnams_230000_240000.wav	0.0	10.0	Voice
pS63_yBnams_230000_240000.wav	0.0	10.0	Noise
EwAUvy_WqaI_280000_290000.wav	0.0	10.0	Voice
58oT5Qwll5I_30000_40000.wav	0.0	10.0	Voice
58oT5Qwll5I_30000_40000.wav	0.0	10.0	Noise
Od7xVMKdemA_140000_150000.wav	0.0	10.0	Voice
fpNOq8hLEUg_100000_110000.wav	0.0	10.0	Voice
obswcGcYl18_200000_210000.wav	0.0	10.0	Voice
vqCrFw_kxkc_20000_30000.wav	0.0	10.0	Voice
wlcv8t1bMco_290000_300000.wav	0.0	10.0	Voice
wlcv8t1bMco_290000_300000.wav	0.0	10.0	Noise
THhP1idrWXA_30000_40000.wav	0.0	10.0	Voice
EVcm9QQVoFE_30000_40000.wav	0.0	10.0	Voice
z9yGS9HKGsQ_90000_100000.wav	0.0	10.0	Voice
hAukn8dWZ2M_30000_40000.wav	0.0	10.0	Voice
hAukn8dWZ2M_30000_40000.wav	0.0	10.0	Noise
OlnRl0X25NM_510000_520000.wav	0.0	10.0	Voice
pxf1DNg-lMc_10000_20000.wav	0.0	10.0	Voice
sBLXSq8KQtE_10000_20000.wav	0.0	10.0	Voice
sBLXSq8KQtE_10000_20000.wav	0.0	10.0	Noise
AYrmD7VQxrk_200000_210000.wav	0.0	10.0	Voice
5tuyClpwrGM_20000_30000.wav	0.0	10.0	Voice
TDME-3XeuTg_60000_70000.wav	0.0	10.0	Voice
zGzv77nYXR0_60000_70000.wav	0.0	10.0	Voice
zGzv77nYXR0_60000_70000.wav	0.0	10.0	Noise
4c-iJIACk1I_30000_40000.wav	0.0	10.0	Voice
rQiIqypw06o_150000_160000.wav	0.0	10.0	Voice
22YYZL_efQQ_30000_40000.wav	0.0	10.0	Voice
22YYZL_efQQ_30000_40000.wav	0.0	10.0	Noise
7_UrwZJw-qU_30000_40000.wav	0.0	10.0	Voice
WWonG9y5zSA_220000_230000.wav	0.0	10.0	Voice
xvAh2ZhLEzc_50000_60000.wav	0.0	10.0	Voice
pBqGB2Ro1N4_50000_60000.wav	0.0	10.0	Voice
UXgqXXxVMes_30000_40000.wav	0.0	10.0	Voice
a2aCevFOxcI_500000_510000.wav	0.0	10.0	Voice
9npVITN6PT4_30000_40000.wav	0.0	10.0	Voice
70nWss-8VEU_30000_40000.wav	0.0	10.0	Voice
70nWss-8VEU_30000_40000.wav	0.0	10.0	Noise
YXut00lCZds_0_10000.wav	0.0	10.0	Voice
YXut00lCZds_0_10000.wav	0.0	10.0	Noise
VhN5wPBAImc_50000_60000.wav	0.0	10.0	Voice
VhN5wPBAImc_50000_60000.wav	0.0	10.0	Noise
BfUoopDpmmY_30000_40000.wav	0.0	10.0	Voice
N-tEGtVlBm8_60000_70000.wav	0.0	10.0	Voice
oTLwfeTO8uo_60000_70000.wav	0.0	10.0	Voice
dtE4BjkoQ9A_90000_100000.wav	0.0	10.0	Voice
dtE4BjkoQ9A_90000_100000.wav	0.0	10.0	Noise
fhxhXrFtjSY_160000_170000.wav	0.0	10.0	Voice
ucJEKFG-2gE_120000_130000.wav	0.0	10.0	Voice
ucJEKFG-2gE_120000_130000.wav	0.0	10.0	Noise
C9jBhVdo8VM_30000_40000.wav	0.0	10.0	Voice
C9jBhVdo8VM_30000_40000.wav	0.0	10.0	Noise
r6QD2E-YesI_30000_40000.wav	0.0	10.0	Voice
8FFpME_TwBw_30000_40000.wav	0.0	10.0	Voice
8FFpME_TwBw_30000_40000.wav	0.0	10.0	Noise
7__4LzVllnk_270000_280000.wav	0.0	10.0	Voice
ATmVSLIURhA_30000_40000.wav	0.0	10.0	Voice
ATmVSLIURhA_30000_40000.wav	0.0	10.0	Noise
I0tx3dxOAQo_40000_50000.wav	0.0	10.0	Voice
I0tx3dxOAQo_40000_50000.wav	0.0	10.0	Noise
RjfWhTGC0yI_10000_20000.wav	0.0	10.0	Voice
RjfWhTGC0yI_10000_20000.wav	0.0	10.0	Noise
TqSgJi4ZMaw_140000_150000.wav	0.0	10.0	Voice
HM6ZGx9WB48_0_10000.wav	0.0	10.0	Noise
ivccVKAy-oA_30000_40000.wav	0.0	10.0	Voice
6n7ydWpfkck_30000_40000.wav	0.0	10.0	Voice
6n7ydWpfkck_30000_40000.wav	0.0	10.0	Noise
nLZkxe3ktsk_40000_50000.wav	0.0	10.0	Voice
nLZkxe3ktsk_40000_50000.wav	0.0	10.0	Noise
6Kru3LBfTKU_70000_80000.wav	0.0	10.0	Voice
6Kru3LBfTKU_70000_80000.wav	0.0	10.0	Noise
ydaG5anxZ0M_20000_30000.wav	0.0	10.0	Voice
ydaG5anxZ0M_20000_30000.wav	0.0	10.0	Noise
tiEM9jioWUM_30000_40000.wav	0.0	10.0	Voice
tiEM9jioWUM_30000_40000.wav	0.0	10.0	Noise
4yBE_gCLBQQ_30000_40000.wav	0.0	10.0	Voice
e2uBPSFByac_560000_570000.wav	0.0	10.0	Voice
JJY9_JAQpfs_90000_100000.wav	0.0	10.0	Voice
KhYlQoDEtKI_50000_60000.wav	0.0	10.0	Voice
smj_UhBOOwk_20000_30000.wav	0.0	10.0	Voice
RI2GCO5WbnA_30000_40000.wav	0.0	10.0	Voice
RI2GCO5WbnA_30000_40000.wav	0.0	10.0	Noise
DAh1_nFTY2o_30000_40000.wav	0.0	10.0	Voice
Ojtv7c_zM1E_110000_120000.wav	0.0	10.0	Voice
Ojtv7c_zM1E_110000_120000.wav	0.0	10.0	Noise
Hxi7GqSmYrU_10000_20000.wav	0.0	10.0	Voice
GvOgRQcWymk_360000_370000.wav	0.0	10.0	Voice
GvOgRQcWymk_360000_370000.wav	0.0	10.0	Noise
ZxmUq6Qyxn0_10000_20000.wav	0.0	10.0	Voice
ZxmUq6Qyxn0_10000_20000.wav	0.0	10.0	Noise
Vyocoe097gY_230000_240000.wav	0.0	10.0	Voice
H8Nv6plK7Ds_20000_30000.wav	0.0	10.0	Voice
fiRY48HQ6D4_100000_110000.wav	0.0	10.0	Voice
fiRY48HQ6D4_100000_110000.wav	0.0	10.0	Noise
6807299U5eg_490000_500000.wav	0.0	10.0	Voice
4M4IMk2YApk_40000_50000.wav	0.0	10.0	Voice
89eBh_Djflw_240000_250000.wav	0.0	10.0	Voice
De4FaHNCxX4_30000_40000.wav	0.0	10.0	Voice
ak624-M9Dj0_140000_150000.wav	0.0	10.0	Voice
ak624-M9Dj0_140000_150000.wav	0.0	10.0	Noise
mq4ZjQqwm4w_30000_40000.wav	0.0	10.0	Voice
7p4-mAqt6NI_80000_90000.wav	0.0	10.0	Voice
7p4-mAqt6NI_80000_90000.wav	0.0	10.0	Noise
-gzDQxMhKsQ_30000_40000.wav	0.0	10.0	Voice
-gzDQxMhKsQ_30000_40000.wav	0.0	10.0	Noise
FIZzE60gLV8_20000_30000.wav	0.0	10.0	Voice
jLm-nrfxYQE_180000_190000.wav	0.0	10.0	Voice
jlZWiX3Iqsc_30000_40000.wav	0.0	10.0	Voice
lQq19_hlwYY_180000_190000.wav	0.0	10.0	Voice
lQq19_hlwYY_180000_190000.wav	0.0	10.0	Noise
xwQE_69dbgQ_30000_40000.wav	0.0	10.0	Voice
xwQE_69dbgQ_30000_40000.wav	0.0	10.0	Noise
I6WFyiowNa8_110000_120000.wav	0.0	10.0	Voice
9UBcuXu0Wds_80000_90000.wav	0.0	10.0	Voice
B1NpNCXsPOQ_30000_40000.wav	0.0	10.0	Voice
B1NpNCXsPOQ_30000_40000.wav	0.0	10.0	Noise
3d_-HncjYDY_30000_40000.wav	0.0	10.0	Voice
3d_-HncjYDY_30000_40000.wav	0.0	10.0	Noise
i9AWbGcpl1Q_60000_70000.wav	0.0	10.0	Voice
hwxTS6oRRmM_30000_40000.wav	0.0	10.0	Voice
6U4GuFzqGsI_80000_90000.wav	0.0	10.0	Voice
HKTpZBmsIgs_30000_40000.wav	0.0	10.0	Voice
HKTpZBmsIgs_30000_40000.wav	0.0	10.0	Noise
pYj4RPPMJE4_210000_220000.wav	0.0	10.0	Voice
XQdN_hFUiJk_270000_280000.wav	0.0	10.0	Voice
XQdN_hFUiJk_270000_280000.wav	0.0	10.0	Noise
V4j1Z-08tjw_180000_190000.wav	0.0	10.0	Voice
V4j1Z-08tjw_180000_190000.wav	0.0	10.0	Noise
6kQuQ0u9EvY_590000_600000.wav	0.0	10.0	Voice
6kQuQ0u9EvY_590000_600000.wav	0.0	10.0	Noise
GtEkbAZR2Ms_40000_50000.wav	0.0	10.0	Voice
UjwCRC-QG8g_190000_200000.wav	0.0	10.0	Voice
2N2msWTHybg_340000_350000.wav	0.0	10.0	Voice
8I5o3KzDQSs_30000_40000.wav	0.0	10.0	Voice
8I5o3KzDQSs_30000_40000.wav	0.0	10.0	Noise
31AUO6wKDiI_80000_90000.wav	0.0	10.0	Voice
31AUO6wKDiI_80000_90000.wav	0.0	10.0	Noise
deblSm0P08g_50000_60000.wav	0.0	10.0	Voice
deblSm0P08g_50000_60000.wav	0.0	10.0	Noise
OK0pHsgHgDU_140000_150000.wav	0.0	10.0	Voice
zGLLLN0OF9A_190000_200000.wav	0.0	10.0	Voice
4WZbxYGy3As_30000_40000.wav	0.0	10.0	Voice
92WhvpMzkGY_20000_30000.wav	0.0	10.0	Noise
PQfBp9rG7i0_20000_30000.wav	0.0	10.0	Voice
pONfVOzO-UU_50000_60000.wav	0.0	10.0	Voice
D2gHpXyoHGs_30000_40000.wav	0.0	10.0	Voice
7X2xFdDCKDU_30000_40000.wav	0.0	10.0	Voice
TplelgSiDAU_180000_190000.wav	0.0	10.0	Voice
-7R0ybQQAHg_60000_70000.wav	0.0	10.0	Voice
FzOVv1ldcmQ_40000_50000.wav	0.0	10.0	Voice
_z7Nj3cZEc4_20000_30000.wav	0.0	10.0	Voice
_z7Nj3cZEc4_20000_30000.wav	0.0	10.0	Noise
NoTLWbb5kw0_30000_40000.wav	0.0	10.0	Voice
yO3MDZ78-k4_100000_110000.wav	0.0	10.0	Voice
LXUFLbR3FTw_40000_50000.wav	0.0	10.0	Voice
grcGQJMp8tA_200000_210000.wav	0.0	10.0	Voice
8CBW7i3xWbA_360000_370000.wav	0.0	10.0	Voice
yUqCXsQh1w0_320000_330000.wav	0.0	10.0	Voice
Q-upVL6zRvw_100000_110000.wav	0.0	10.0	Noise
vhI3uk_AJX8_150000_160000.wav	0.0	10.0	Voice
vhI3uk_AJX8_150000_160000.wav	0.0	10.0	Noise
LPcZrlKU8gU_20000_30000.wav	0.0	10.0	Voice
pkrIu6I6tsc_330000_340000.wav	0.0	10.0	Voice
pkrIu6I6tsc_330000_340000.wav	0.0	10.0	Noise
6hcQNrAEPRY_110000_120000.wav	0.0	10.0	Voice
6hcQNrAEPRY_110000_120000.wav	0.0	10.0	Noise
0zM33uW22bQ_120000_130000.wav	0.0	10.0	Voice
fwp2AppO1sU_20000_30000.wav	0.0	10.0	Voice
xdx32y5n1A0_170000_180000.wav	0.0	10.0	Voice
xdx32y5n1A0_170000_180000.wav	0.0	10.0	Noise
AImAM0Xo8ho_110000_120000.wav	0.0	10.0	Voice
LaL4j1GujKE_80000_90000.wav	0.0	10.0	Voice
LaL4j1GujKE_80000_90000.wav	0.0	10.0	Noise
z05VzvrQ-Tc_10000_20000.wav	0.0	10.0	Voice
o-eXfya3jQE_240000_250000.wav	0.0	10.0	Voice
QShyyPY1ZHE_30000_40000.wav	0.0	10.0	Voice
BGGhYJuTpls_350000_360000.wav	0.0	10.0	Voice
BGGhYJuTpls_350000_360000.wav	0.0	10.0	Noise
UCLfvzzhC9E_270000_280000.wav	0.0	10.0	Voice
kJqJvKj2Rdo_370000_380000.wav	0.0	10.0	Voice
kJqJvKj2Rdo_370000_380000.wav	0.0	10.0	Noise
5ChZOvbfb0g_170000_180000.wav	0.0	10.0	Voice
gen5PuHy-jU_30000_40000.wav	0.0	10.0	Voice
OJp-U1cnr0U_30000_40000.wav	0.0	10.0	Voice
XPtkhADTf_k_110000_120000.wav	0.0	10.0	Voice
5TZxwJJMPvc_30000_40000.wav	0.0	10.0	Voice
byxloixTOBo_80000_90000.wav	0.0	10.0	Voice
byxloixTOBo_80000_90000.wav	0.0	10.0	Noise
3OmBXGiwzug_30000_40000.wav	0.0	10.0	Voice
GlH1DUQdjRs_70000_80000.wav	0.0	10.0	Voice
GlH1DUQdjRs_70000_80000.wav	0.0	10.0	Noise
VPzmS8iLwy4_150000_160000.wav	0.0	10.0	Voice
GvhlKpLarQQ_440000_450000.wav	0.0	10.0	Voice
GvhlKpLarQQ_440000_450000.wav	0.0	10.0	Noise
cCJuH12KhGU_90000_100000.wav	0.0	10.0	Voice
vBgeUE0hayU_0_10000.wav	0.0	10.0	Voice
uW64PdGBE4c_200000_210000.wav	0.0	10.0	Voice
2npTgk6avP8_40000_50000.wav	0.0	10.0	Voice
5Q7qEMbybNw_30000_40000.wav	0.0	10.0	Voice
cDN5nStxMf0_70000_80000.wav	0.0	10.0	Voice
GbZVa-RTtWs_180000_190000.wav	0.0	10.0	Voice
ZoYGkptqsZI_30000_40000.wav	0.0	10.0	Voice
Su26atRtceE_40000_50000.wav	0.0	10.0	Voice
Su26atRtceE_40000_50000.wav	0.0	10.0	Noise
Y8KCNCoq_a8_180000_190000.wav	0.0	10.0	Voice
d6C1lOYTr0E_90000_100000.wav	0.0	10.0	Voice
MkOWv_GTSxw_80000_90000.wav	0.0	10.0	Voice
A_nzJ6B0Yus_0_10000.wav	0.0	10.0	Voice
BEeuJfoHWR8_80000_90000.wav	0.0	10.0	Noise
9vkCI6rfIMM_30000_40000.wav	0.0	10.0	Voice
9vkCI6rfIMM_30000_40000.wav	0.0	10.0	Noise
2ZFDU8glWRk_230000_240000.wav	0.0	10.0	Voice
-xD-b8dp7Hs_70000_80000.wav	0.0	10.0	Voice
-xD-b8dp7Hs_70000_80000.wav	0.0	10.0	Noise
BlP3B64phXg_13000_23000.wav	0.0	10.0	Voice
bxAieiywDQ0_170000_180000.wav	0.0	10.0	Voice
TNCJ68vFKg8_120000_130000.wav	0.0	10.0	Voice
5yxA7k_Ap7k_140000_150000.wav	0.0	10.0	Voice
3jD2yQM_VOo_100000_110000.wav	0.0	10.0	Voice
3jD2yQM_VOo_100000_110000.wav	0.0	10.0	Noise
1QcaKCV_1XY_10000_20000.wav	0.0	10.0	Voice
8s1UHVSnB1M_30000_40000.wav	0.0	10.0	Voice
8s1UHVSnB1M_30000_40000.wav	0.0	10.0	Noise
tIDrvrc6IWk_100000_110000.wav	0.0	10.0	Voice
GNN7Zeui_PY_10000_20000.wav	0.0	10.0	Voice
bdfk5Hw0oMY_0_10000.wav	0.0	10.0	Voice
ejHQVPDw_5s_50000_60000.wav	0.0	10.0	Voice
ejHQVPDw_5s_50000_60000.wav	0.0	10.0	Noise
HEhogaw0vUg_30000_40000.wav	0.0	10.0	Voice
nGpxdznBtuY_30000_40000.wav	0.0	10.0	Voice
C0toF6-I1r4_440000_450000.wav	0.0	10.0	Voice
f0gqJK2HMSc_310000_320000.wav	0.0	10.0	Voice
f0gqJK2HMSc_310000_320000.wav	0.0	10.0	Noise
9bXaY5f8Ok0_210000_220000.wav	0.0	10.0	Voice
11ZT-m3Zai8_10000_20000.wav	0.0	10.0	Voice
smOfZYlK4b4_50000_60000.wav	0.0	10.0	Voice
smOfZYlK4b4_50000_60000.wav	0.0	10.0	Noise
TNGbyy-cdXM_20000_30000.wav	0.0	10.0	Voice
tSRsztY6a0U_50000_60000.wav	0.0	10.0	Voice
tSRsztY6a0U_50000_60000.wav	0.0	10.0	Noise
EgXPstJU1FQ_30000_40000.wav	0.0	10.0	Voice
5UZTTkKxLc0_50000_60000.wav	0.0	10.0	Voice
5UZTTkKxLc0_50000_60000.wav	0.0	10.0	Noise
R94ri2N1Axs_160000_170000.wav	0.0	10.0	Voice
YxjBC51SHvM_10000_20000.wav	0.0	10.0	Voice
YxjBC51SHvM_10000_20000.wav	0.0	10.0	Noise
7YA2TsdnFCU_290000_300000.wav	0.0	10.0	Voice
Pirz57RS0oI_30000_40000.wav	0.0	10.0	Voice
ETcpkL1b5o4_170000_180000.wav	0.0	10.0	Voice
3os8hG-uvR4_170000_180000.wav	0.0	10.0	Voice
3os8hG-uvR4_170000_180000.wav	0.0	10.0	Noise
YY0UwETB7HM_140000_150000.wav	0.0	10.0	Voice
IicbSs7Hoe4_150000_160000.wav	0.0	10.0	Voice
1MwaXCfUvX8_110000_120000.wav	0.0	10.0	Voice
PeIQxUyF0XA_0_10000.wav	0.0	10.0	Voice
PeIQxUyF0XA_0_10000.wav	0.0	10.0	Noise
SYLpksKnEMQ_270000_280000.wav	0.0	10.0	Voice
DNOxUoWBato_270000_280000.wav	0.0	10.0	Voice
o8sMsyQoPho_20000_30000.wav	0.0	10.0	Voice
lNlQFweP0bc_20000_30000.wav	0.0	10.0	Voice
lNlQFweP0bc_20000_30000.wav	0.0	10.0	Noise
sv2jzFENnzs_230000_240000.wav	0.0	10.0	Voice
sv2jzFENnzs_230000_240000.wav	0.0	10.0	Noise
2aZlrW4h7Do_20000_30000.wav	0.0	10.0	Voice
AS3DYye3JWw_0_10000.wav	0.0	10.0	Voice
A4abySaBeoI_100000_110000.wav	0.0	10.0	Voice
A4abySaBeoI_100000_110000.wav	0.0	10.0	Noise
sSwPSZ2i7T0_180000_190000.wav	0.0	10.0	Voice
4VdV7ELQ9vE_310000_320000.wav	0.0	10.0	Voice
4VdV7ELQ9vE_310000_320000.wav	0.0	10.0	Noise
ogYwNEWmJkA_40000_50000.wav	0.0	10.0	Noise
YMW9F7JKW9w_140000_150000.wav	0.0	10.0	Voice
zaln4f5WgAs_110000_120000.wav	0.0	10.0	Voice
ZWwCQMCcJTs_30000_40000.wav	0.0	10.0	Voice
ZWwCQMCcJTs_30000_40000.wav	0.0	10.0	Noise
mDCwxPL27Ww_170000_180000.wav	0.0	10.0	Voice
adbYMi0KIVs_140000_150000.wav	0.0	10.0	Voice
C2yzlGrDUXs_240000_250000.wav	0.0	10.0	Voice
7mqtSPvJ1sk_30000_40000.wav	0.0	10.0	Voice
NmCWvJpkhvI_330000_340000.wav	0.0	10.0	Voice
kpC1z_ozmsY_170000_180000.wav	0.0	10.0	Voice
NcwOiPUt0cE_170000_180000.wav	0.0	10.0	Voice
NcwOiPUt0cE_170000_180000.wav	0.0	10.0	Noise
XGvUCXQA1zM_60000_70000.wav	0.0	10.0	Voice
XGvUCXQA1zM_60000_70000.wav	0.0	10.0	Noise
a24Ctf9wFoA_430000_440000.wav	0.0	10.0	Voice
jDzNziarEAY_90000_100000.wav	0.0	10.0	Voice
jDzNziarEAY_90000_100000.wav	0.0	10.0	Noise
CLbXvDwM-v8_400000_410000.wav	0.0	10.0	Voice
CLbXvDwM-v8_400000_410000.wav	0.0	10.0	Noise
8vp8xHZe_e0_30000_40000.wav	0.0	10.0	Voice
ErItN_nZQNU_460000_470000.wav	0.0	10.0	Voice
aWO5sAyBHEc_130000_140000.wav	0.0	10.0	Voice
RpmDXdVsKlA_220000_230000.wav	0.0	10.0	Voice
RpmDXdVsKlA_220000_230000.wav	0.0	10.0	Noise
D9ZNs0Y6FjM_30000_40000.wav	0.0	10.0	Voice
D9ZNs0Y6FjM_30000_40000.wav	0.0	10.0	Noise
EIEzJR5RL5Y_390000_400000.wav	0.0	10.0	Voice
rCCdD8kKbxs_290000_300000.wav	0.0	10.0	Voice
rCCdD8kKbxs_290000_300000.wav	0.0	10.0	Noise
dREvII2MzPY_50000_60000.wav	0.0	10.0	Voice
dREvII2MzPY_50000_60000.wav	0.0	10.0	Noise
99zLvqFIEY0_10000_20000.wav	0.0	10.0	Voice
3fY89FpxcdQ_30000_40000.wav	0.0	10.0	Voice
3fY89FpxcdQ_30000_40000.wav	0.0	10.0	Noise
lbDfOTexZDU_40000_50000.wav	0.0	10.0	Voice
89C1Bwr7vs0_20000_30000.wav	0.0	10.0	Voice
1EgeaffEFjQ_20000_30000.wav	0.0	10.0	Voice
3XI-oQYpkU4_30000_40000.wav	0.0	10.0	Voice
3XI-oQYpkU4_30000_40000.wav	0.0	10.0	Noise
73PehJl62Ns_0_10000.wav	0.0	10.0	Voice
73PehJl62Ns_0_10000.wav	0.0	10.0	Noise
68ZVEcH1oWk_30000_40000.wav	0.0	10.0	Voice
WD7X5KV4OyY_470000_480000.wav	0.0	10.0	Voice
8wIUhbLvkrA_10000_20000.wav	0.0	10.0	Voice
KA0sJe-han8_10000_20000.wav	0.0	10.0	Voice
KA0sJe-han8_10000_20000.wav	0.0	10.0	Noise
OOog8lMhbQE_60000_70000.wav	0.0	10.0	Voice
z0alAe2n84o_70000_80000.wav	0.0	10.0	Voice
z0alAe2n84o_70000_80000.wav	0.0	10.0	Noise
5Sz4o3grL-E_10000_20000.wav	0.0	10.0	Voice
5Sz4o3grL-E_10000_20000.wav	0.0	10.0	Noise
-693sNKI3iM_30000_40000.wav	0.0	10.0	Voice
7KMuAT0IenY_30000_40000.wav	0.0	10.0	Voice
7ooWZa0RXQ8_170000_180000.wav	0.0	10.0	Voice
3ofhj9UUnkQ_30000_40000.wav	0.0	10.0	Voice
rlZfX5RR5qM_460000_470000.wav	0.0	10.0	Voice
rlZfX5RR5qM_460000_470000.wav	0.0	10.0	Noise
BZ_7BwLSiK4_30000_40000.wav	0.0	10.0	Voice
4S57b5tAISc_90000_100000.wav	0.0	10.0	Voice
gw1nJfwud_8_40000_50000.wav	0.0	10.0	Voice
Es9FNjZ-SHI_30000_40000.wav	0.0	10.0	Voice
ms9hb6qFYgY_340000_350000.wav	0.0	10.0	Voice
RraFGkJaWyw_270000_280000.wav	0.0	10.0	Voice
Hoxyvi882c0_200000_210000.wav	0.0	10.0	Voice
uP6lBJKNPH8_140000_150000.wav	0.0	10.0	Voice
_2P_EJsnBls_80000_90000.wav	0.0	10.0	Voice
GbJ3ypd7OVE_320000_330000.wav	0.0	10.0	Voice
GbJ3ypd7OVE_320000_330000.wav	0.0	10.0	Noise
Si-VpDKlZP0_20000_30000.wav	0.0	10.0	Voice
Si-VpDKlZP0_20000_30000.wav	0.0	10.0	Noise
8J1_xBfLc5E_30000_40000.wav	0.0	10.0	Voice
k3cBwNkDNso_10000_20000.wav	0.0	10.0	Voice
KkvWOxYsIyY_30000_40000.wav	0.0	10.0	Voice
KkvWOxYsIyY_30000_40000.wav	0.0	10.0	Noise
uDqPjljVCgk_300000_310000.wav	0.0	10.0	Voice
Vp0r-jlMlW8_20000_30000.wav	0.0	10.0	Noise
qvh86R1ZZlo_30000_40000.wav	0.0	10.0	Voice
qvh86R1ZZlo_30000_40000.wav	0.0	10.0	Noise
5LSdW_SYucg_40000_50000.wav	0.0	10.0	Voice
5LSdW_SYucg_40000_50000.wav	0.0	10.0	Noise
AEfRs5CHCME_0_10000.wav	0.0	10.0	Voice
AEfRs5CHCME_0_10000.wav	0.0	10.0	Noise
OUGv_18k2NM_40000_50000.wav	0.0	10.0	Voice
fSM314B47lQ_30000_40000.wav	0.0	10.0	Voice
Ok8u08VdIAA_90000_100000.wav	0.0	10.0	Voice
Cj9W4Nz7rts_30000_40000.wav	0.0	10.0	Voice
B3ixJIuBzWg_30000_40000.wav	0.0	10.0	Voice
B3ixJIuBzWg_30000_40000.wav	0.0	10.0	Noise
f3Tc1zbFEcM_110000_120000.wav	0.0	10.0	Voice
dlD7Dk3kSH4_300000_310000.wav	0.0	10.0	Voice
dlD7Dk3kSH4_300000_310000.wav	0.0	10.0	Noise
QT3CQJMPgh4_140000_150000.wav	0.0	10.0	Voice
-UiEK7XfOgg_30000_40000.wav	0.0	10.0	Voice
kwBssjTseZQ_50000_60000.wav	0.0	10.0	Voice
n8go_XCr8-o_30000_40000.wav	0.0	10.0	Voice
n8go_XCr8-o_30000_40000.wav	0.0	10.0	Noise
moCipX7MiPk_210000_220000.wav	0.0	10.0	Voice
m1qqF0ZSfYA_580000_590000.wav	0.0	10.0	Voice
0-BMOIUoXvA_0_10000.wav	0.0	10.0	Voice
0-BMOIUoXvA_0_10000.wav	0.0	10.0	Noise
SSoFDeOiM8c_70000_80000.wav	0.0	10.0	Voice
FfBPHWnQINM_130000_140000.wav	0.0	10.0	Voice
FHP3FX50twU_30000_40000.wav	0.0	10.0	Voice
FHP3FX50twU_30000_40000.wav	0.0	10.0	Noise
cVLQngBUVm0_110000_120000.wav	0.0	10.0	Voice
cVLQngBUVm0_110000_120000.wav	0.0	10.0	Noise
TmzX6rgvwRw_200000_210000.wav	0.0	10.0	Voice
TmzX6rgvwRw_200000_210000.wav	0.0	10.0	Noise
8TjPgiazbW8_40000_50000.wav	0.0	10.0	Voice
EsMs7Xu7lMs_30000_40000.wav	0.0	10.0	Voice
EsMs7Xu7lMs_30000_40000.wav	0.0	10.0	Noise
VYtC_vHEe5Y_10000_20000.wav	0.0	10.0	Noise
4ku86NIj66M_30000_40000.wav	0.0	10.0	Voice
4ku86NIj66M_30000_40000.wav	0.0	10.0	Noise
4Rqv8Ho4qh0_30000_40000.wav	0.0	10.0	Voice
6YwjeGoyc0I_30000_40000.wav	0.0	10.0	Noise
BUsjwxrpgsY_80000_90000.wav	0.0	10.0	Voice
BUsjwxrpgsY_80000_90000.wav	0.0	10.0	Noise
T3RPsJYexRI_220000_230000.wav	0.0	10.0	Voice
2YTWT30msUw_30000_40000.wav	0.0	10.0	Voice
fAw7l68HrT4_130000_140000.wav	0.0	10.0	Voice
fAw7l68HrT4_130000_140000.wav	0.0	10.0	Noise
n45hmXHUuBM_230000_240000.wav	0.0	10.0	Voice
D9aFyDfrxRs_80000_90000.wav	0.0	10.0	Voice
D9aFyDfrxRs_80000_90000.wav	0.0	10.0	Noise
-xKzlnUBEa8_30000_40000.wav	0.0	10.0	Voice
-xKzlnUBEa8_30000_40000.wav	0.0	10.0	Noise
flRMHRl6Ay4_20000_30000.wav	0.0	10.0	Voice
msASnBZtI-U_210000_220000.wav	0.0	10.0	Voice
AWV2phRShI8_30000_40000.wav	0.0	10.0	Voice
AWV2phRShI8_30000_40000.wav	0.0	10.0	Noise
o-4TTKlNGk0_330000_340000.wav	0.0	10.0	Voice
LR1SGT9uEO4_90000_100000.wav	0.0	10.0	Voice
OnhFVWhsYks_460000_470000.wav	0.0	10.0	Voice
F3Dn7ypO-pw_40000_50000.wav	0.0	10.0	Voice
ZpqQMmwFlqI_30000_40000.wav	0.0	10.0	Voice
iF2Tc_3KfWk_0_10000.wav	0.0	10.0	Voice
iF2Tc_3KfWk_0_10000.wav	0.0	10.0	Noise
BIy1bsz0E4o_30000_40000.wav	0.0	10.0	Voice
EvbjuXEqFqI_30000_40000.wav	0.0	10.0	Voice
DzbxlhysQE4_30000_40000.wav	0.0	10.0	Voice
W-OfKxzsiv4_120000_130000.wav	0.0	10.0	Voice
W-OfKxzsiv4_120000_130000.wav	0.0	10.0	Noise
t_TNJe8lIaU_120000_130000.wav	0.0	10.0	Voice
sIeSKyp8vgA_150000_160000.wav	0.0	10.0	Voice
Gc5LOpd5G1o_30000_40000.wav	0.0	10.0	Voice
rffFnGqND-k_200000_210000.wav	0.0	10.0	Voice
f_vcY8hmH5k_410000_420000.wav	0.0	10.0	Voice
wLIV0N-lBy8_30000_40000.wav	0.0	10.0	Voice
wLIV0N-lBy8_30000_40000.wav	0.0	10.0	Noise
6SeVQVH9LWM_30000_40000.wav	0.0	10.0	Voice
-QdxGbBUMaw_30000_40000.wav	0.0	10.0	Voice
KI-OD97AAvo_70000_80000.wav	0.0	10.0	Voice
KI-OD97AAvo_70000_80000.wav	0.0	10.0	Noise
8RuqRubx8TQ_120000_130000.wav	0.0	10.0	Voice
8RuqRubx8TQ_120000_130000.wav	0.0	10.0	Noise
ZFgpxzC_mmQ_80000_90000.wav	0.0	10.0	Voice
ZFgpxzC_mmQ_80000_90000.wav	0.0	10.0	Noise
vEpAXiyoJUc_160000_170000.wav	0.0	10.0	Voice
vEpAXiyoJUc_160000_170000.wav	0.0	10.0	Noise
taTokK-_bFs_200000_210000.wav	0.0	10.0	Voice
taTokK-_bFs_200000_210000.wav	0.0	10.0	Noise
18s7LX3cM3o_140000_150000.wav	0.0	10.0	Voice
gS8YCsuoMpM_60000_70000.wav	0.0	10.0	Voice
puXU-6Nwbls_80000_90000.wav	0.0	10.0	Voice
4WvtoXP0VPw_30000_40000.wav	0.0	10.0	Voice
dnAFz_2nHSQ_60000_70000.wav	0.0	10.0	Voice
dnAFz_2nHSQ_60000_70000.wav	0.0	10.0	Noise
8AVaY9gjb9Y_20000_30000.wav	0.0	10.0	Voice
y3Itbt80L6k_80000_90000.wav	0.0	10.0	Voice
eUbVAhqJecQ_140000_150000.wav	0.0	10.0	Voice
j3dDs8vf5Ws_440000_450000.wav	0.0	10.0	Voice
j3dDs8vf5Ws_440000_450000.wav	0.0	10.0	Noise
yreFgzwFW7Q_30000_40000.wav	0.0	10.0	Voice
tpbAMWLAJJA_50000_60000.wav	0.0	10.0	Voice
OOSJNnV0Dow_70000_80000.wav	0.0	10.0	Voice
RV_qK5tCn7I_90000_100000.wav	0.0	10.0	Voice
EoONUpbdpFk_200000_210000.wav	0.0	10.0	Voice
EoONUpbdpFk_200000_210000.wav	0.0	10.0	Noise
E_kRw5d9Om0_80000_90000.wav	0.0	10.0	Voice
E_kRw5d9Om0_80000_90000.wav	0.0	10.0	Noise
V8qA06wb8p0_110000_120000.wav	0.0	10.0	Voice
mAYYZ3nNhh4_10000_20000.wav	0.0	10.0	Voice
mAYYZ3nNhh4_10000_20000.wav	0.0	10.0	Noise
lERTV9FDr_4_40000_50000.wav	0.0	10.0	Voice
4NkxB4ikIQA_30000_40000.wav	0.0	10.0	Voice
7dHeosj2NWU_30000_40000.wav	0.0	10.0	Voice
7dHeosj2NWU_30000_40000.wav	0.0	10.0	Noise
Z4yW85AFMIA_10000_20000.wav	0.0	10.0	Voice
Z4yW85AFMIA_10000_20000.wav	0.0	10.0	Noise
zSQJHvbOTfM_30000_40000.wav	0.0	10.0	Voice
zSQJHvbOTfM_30000_40000.wav	0.0	10.0	Noise
lagPC6Zlhx0_200000_210000.wav	0.0	10.0	Voice
YBCYwcqxRQU_80000_90000.wav	0.0	10.0	Voice
YBCYwcqxRQU_80000_90000.wav	0.0	10.0	Noise
64_vSpVixUA_30000_40000.wav	0.0	10.0	Voice
64_vSpVixUA_30000_40000.wav	0.0	10.0	Noise
PNJ20TzAx60_190000_200000.wav	0.0	10.0	Voice
vtVfl5Ff5lw_30000_40000.wav	0.0	10.0	Voice
8DNABRM6e_8_0_10000.wav	0.0	10.0	Voice
8DNABRM6e_8_0_10000.wav	0.0	10.0	Noise
Qlmbkex0oM0_160000_170000.wav	0.0	10.0	Voice
0APE4v4axfE_80000_90000.wav	0.0	10.0	Voice
X7c4JnjCv5I_40000_50000.wav	0.0	10.0	Voice
mpNHgChd5II_80000_90000.wav	0.0	10.0	Noise
InY1jJVjLIw_70000_80000.wav	0.0	10.0	Voice
Y8pS5H0cnaA_100000_110000.wav	0.0	10.0	Voice
Y8pS5H0cnaA_100000_110000.wav	0.0	10.0	Noise
5LT3GQPqVew_110000_120000.wav	0.0	10.0	Voice
zxuSJ9SOhH0_480000_490000.wav	0.0	10.0	Voice
zxuSJ9SOhH0_480000_490000.wav	0.0	10.0	Noise
PAM3W66AFwY_540000_550000.wav	0.0	10.0	Voice
PAM3W66AFwY_540000_550000.wav	0.0	10.0	Noise
sxefz1N_9hI_100000_110000.wav	0.0	10.0	Voice
QsFeMNsr7ow_90000_100000.wav	0.0	10.0	Voice
QsFeMNsr7ow_90000_100000.wav	0.0	10.0	Noise
u61COg1MP3o_140000_150000.wav	0.0	10.0	Voice
nZhS6W3o0B0_110000_120000.wav	0.0	10.0	Noise
SMw6bAeB684_360000_370000.wav	0.0	10.0	Noise
bN0IL8Qd3ww_0_10000.wav	0.0	10.0	Voice
bN0IL8Qd3ww_0_10000.wav	0.0	10.0	Noise
jU7OTseYKQ8_30000_40000.wav	0.0	10.0	Voice
dnQXa3WaRTs_100000_110000.wav	0.0	10.0	Voice
QBpKd4cR-7Q_30000_40000.wav	0.0	10.0	Voice
5ivI1L7S87I_90000_100000.wav	0.0	10.0	Voice
Kx1BfUIs7GI_240000_250000.wav	0.0	10.0	Voice
XbtTyQ62N2A_90000_100000.wav	0.0	10.0	Voice
XbtTyQ62N2A_90000_100000.wav	0.0	10.0	Noise
uoMUt3nXkU4_30000_40000.wav	0.0	10.0	Voice
uoMUt3nXkU4_30000_40000.wav	0.0	10.0	Noise
0NSzeHaja5o_30000_40000.wav	0.0	10.0	Voice
0NSzeHaja5o_30000_40000.wav	0.0	10.0	Noise
Rd5MYYymgFg_20000_30000.wav	0.0	10.0	Voice
Rd5MYYymgFg_20000_30000.wav	0.0	10.0	Noise
a_Luvr-kasE_250000_260000.wav	0.0	10.0	Voice
QEQJDOxTSUQ_240000_250000.wav	0.0	10.0	Voice
AfqKoBwIiJU_30000_40000.wav	0.0	10.0	Voice
E9zVabSRYns_30000_40000.wav	0.0	10.0	Voice
E9zVabSRYns_30000_40000.wav	0.0	10.0	Noise
nNDLr6oTJLo_10000_20000.wav	0.0	10.0	Voice
nNDLr6oTJLo_10000_20000.wav	0.0	10.0	Noise
NUWoBJjY8bI_30000_40000.wav	0.0	10.0	Voice
7Q6BLbkeLhg_30000_40000.wav	0.0	10.0	Voice
3fDjNipMPEQ_140000_150000.wav	0.0	10.0	Voice
9qcu8Zo3TDI_10000_20000.wav	0.0	10.0	Voice
tD4mI-r4Uw4_90000_100000.wav	0.0	10.0	Voice
6pMzzfK-N1A_30000_40000.wav	0.0	10.0	Voice
6pMzzfK-N1A_30000_40000.wav	0.0	10.0	Noise
EVsA3ZsZu8M_30000_40000.wav	0.0	10.0	Voice
8P3vGvRotls_30000_40000.wav	0.0	10.0	Voice
8P3vGvRotls_30000_40000.wav	0.0	10.0	Noise
zAwGNi0DELQ_310000_320000.wav	0.0	10.0	Voice
-OotdhPEnos_30000_40000.wav	0.0	10.0	Voice
D5wgYrmB9tk_250000_260000.wav	0.0	10.0	Voice
8JPu7VJJuhc_50000_60000.wav	0.0	10.0	Voice
2-XyCIq8Yp0_50000_60000.wav	0.0	10.0	Voice
pOiZUku3CH4_10000_20000.wav	0.0	10.0	Voice
T7zqzNq-ct4_80000_90000.wav	0.0	10.0	Voice
9nsOBzl256A_60000_70000.wav	0.0	10.0	Voice
wXKLBn72oPk_0_10000.wav	0.0	10.0	Voice
wXKLBn72oPk_0_10000.wav	0.0	10.0	Noise
ACkasihJa1c_30000_40000.wav	0.0	10.0	Noise
zb8BjRUgVOk_60000_70000.wav	0.0	10.0	Voice
zb8BjRUgVOk_60000_70000.wav	0.0	10.0	Noise
gMPwPkcEInY_360000_370000.wav	0.0	10.0	Voice
8jykt5xtUWo_30000_40000.wav	0.0	10.0	Voice
5OoAfcPd4vk_50000_60000.wav	0.0	10.0	Voice
5Os2SFPY_XY_30000_40000.wav	0.0	10.0	Voice
5Os2SFPY_XY_30000_40000.wav	0.0	10.0	Noise
z7-kyvbbMJY_370000_380000.wav	0.0	10.0	Voice
z7-kyvbbMJY_370000_380000.wav	0.0	10.0	Noise
bK51FnFJu8o_170000_180000.wav	0.0	10.0	Voice
sghMOeda9rU_110000_120000.wav	0.0	10.0	Voice
sghMOeda9rU_110000_120000.wav	0.0	10.0	Noise
nwV-rsSfBVw_30000_40000.wav	0.0	10.0	Voice
5t80taqsL1g_30000_40000.wav	0.0	10.0	Voice
vCDgUWA9Bfw_0_10000.wav	0.0	10.0	Voice
vCDgUWA9Bfw_0_10000.wav	0.0	10.0	Noise
7oGd1ucd8r0_10000_20000.wav	0.0	10.0	Voice
7oGd1ucd8r0_10000_20000.wav	0.0	10.0	Noise
0F5ohl3ncE8_290000_300000.wav	0.0	10.0	Voice
0F5ohl3ncE8_290000_300000.wav	0.0	10.0	Noise
X_TlLa2t2vI_30000_40000.wav	0.0	10.0	Voice
Q-GlW3dSs-k_90000_100000.wav	0.0	10.0	Voice
Kjh1xYZvh3c_110000_120000.wav	0.0	10.0	Voice
5UR2k5MdvrQ_30000_40000.wav	0.0	10.0	Noise
EIy2hSlwqMg_540000_550000.wav	0.0	10.0	Voice
rF-N3jUEwHw_0_10000.wav	0.0	10.0	Noise
vTaKo7DfnKo_160000_170000.wav	0.0	10.0	Voice
9SFO3ZKGE7M_30000_40000.wav	0.0	10.0	Voice
gnLd1U22-Io_170000_180000.wav	0.0	10.0	Voice
gnLd1U22-Io_170000_180000.wav	0.0	10.0	Noise
ATcH92OUm44_30000_40000.wav	0.0	10.0	Voice
6CVQsOofMrE_200000_210000.wav	0.0	10.0	Voice
YlOqsf2A5kI_290000_300000.wav	0.0	10.0	Voice
JWNWCKdfpzM_30000_40000.wav	0.0	10.0	Voice
90ugCL2l_uA_460000_470000.wav	0.0	10.0	Voice
0AJFIb_kFss_180000_190000.wav	0.0	10.0	Voice
EFkGl4bknLE_30000_40000.wav	0.0	10.0	Voice
EFkGl4bknLE_30000_40000.wav	0.0	10.0	Noise
W1ujCKD_FWQ_40000_50000.wav	0.0	10.0	Voice
GQw2JOKOmYo_140000_150000.wav	0.0	10.0	Voice
GQw2JOKOmYo_140000_150000.wav	0.0	10.0	Noise
iA50ls2YAqI_210000_220000.wav	0.0	10.0	Voice
E6J2QUw0A-0_30000_40000.wav	0.0	10.0	Voice
E6J2QUw0A-0_30000_40000.wav	0.0	10.0	Noise
7ZFshwxDuJE_60000_70000.wav	0.0	10.0	Voice
onoNn2BQf4E_10000_20000.wav	0.0	10.0	Voice
Wggv-7JVLBE_40000_50000.wav	0.0	10.0	Voice
MnnEmHyUTsM_570000_580000.wav	0.0	10.0	Voice
MnnEmHyUTsM_570000_580000.wav	0.0	10.0	Noise
aacfyhpDDhA_0_10000.wav	0.0	10.0	Voice
8dvXkqqbbN0_60000_70000.wav	0.0	10.0	Voice
8dvXkqqbbN0_60000_70000.wav	0.0	10.0	Noise
R_sTS3gehnU_10000_20000.wav	0.0	10.0	Voice
6jAZGb8k6tE_90000_100000.wav	0.0	10.0	Voice
6bMYzS5Ffro_170000_180000.wav	0.0	10.0	Voice
NxfOMjDyl0w_10000_20000.wav	0.0	10.0	Voice
0gpJYhcTWAM_10000_20000.wav	0.0	10.0	Noise
dNRS2Ue8YQ0_280000_290000.wav	0.0	10.0	Voice
dNRS2Ue8YQ0_280000_290000.wav	0.0	10.0	Noise
nRONThL4bmk_200000_210000.wav	0.0	10.0	Voice
2iMhaIDqbnI_170000_180000.wav	0.0	10.0	Voice
2iMhaIDqbnI_170000_180000.wav	0.0	10.0	Noise
gF5gfblw13c_370000_380000.wav	0.0	10.0	Voice
gF5gfblw13c_370000_380000.wav	0.0	10.0	Noise
fIZcemIKJAY_60000_70000.wav	0.0	10.0	Voice
fIZcemIKJAY_60000_70000.wav	0.0	10.0	Noise
AcYmsXCjF0k_30000_40000.wav	0.0	10.0	Voice
AcYmsXCjF0k_30000_40000.wav	0.0	10.0	Noise
GrOc3L3EB8k_10000_20000.wav	0.0	10.0	Voice
GrOc3L3EB8k_10000_20000.wav	0.0	10.0	Noise
6KpL8U61EiA_30000_40000.wav	0.0	10.0	Voice
6KpL8U61EiA_30000_40000.wav	0.0	10.0	Noise
dnFBtHwQI1I_50000_60000.wav	0.0	10.0	Voice
7ijC4ZgmtXA_30000_40000.wav	0.0	10.0	Voice
9wSCFb1-6Ek_30000_40000.wav	0.0	10.0	Voice
EilxUwpYFe0_30000_40000.wav	0.0	10.0	Voice
8KFKlDZWKiA_30000_40000.wav	0.0	10.0	Voice
1_W3NF4CEqI_0_10000.wav	0.0	10.0	Voice
sLM4KKqXaT0_50000_60000.wav	0.0	10.0	Voice
sLM4KKqXaT0_50000_60000.wav	0.0	10.0	Noise
_547JTmvb9g_30000_40000.wav	0.0	10.0	Voice
_547JTmvb9g_30000_40000.wav	0.0	10.0	Noise
9xIGn--JTOM_310000_320000.wav	0.0	10.0	Voice
o4733DRZM2o_80000_90000.wav	0.0	10.0	Voice
-VoVanC9Zv4_30000_40000.wav	0.0	10.0	Voice
gH2lF5hX8Io_100000_110000.wav	0.0	10.0	Voice
gH2lF5hX8Io_100000_110000.wav	0.0	10.0	Noise
97LgKWJzH3Q_30000_40000.wav	0.0	10.0	Voice
H0wDIJyzP3s_210000_220000.wav	0.0	10.0	Voice
H0wDIJyzP3s_210000_220000.wav	0.0	10.0	Noise
iMfKeJvMltM_190000_200000.wav	0.0	10.0	Voice
iMfKeJvMltM_190000_200000.wav	0.0	10.0	Noise
7u-t-d5D5xY_30000_40000.wav	0.0	10.0	Voice
7u-t-d5D5xY_30000_40000.wav	0.0	10.0	Noise
4A_DUDzBkwA_30000_40000.wav	0.0	10.0	Voice
4A_DUDzBkwA_30000_40000.wav	0.0	10.0	Noise
SiWYvt-sXrY_50000_60000.wav	0.0	10.0	Voice
3bEEYdNSLWY_30000_40000.wav	0.0	10.0	Voice
MwZxfyYxqwY_20000_30000.wav	0.0	10.0	Voice
MwZxfyYxqwY_20000_30000.wav	0.0	10.0	Noise
PScIE5AxuVU_230000_240000.wav	0.0	10.0	Voice
OS_0C5F1vW0_190000_200000.wav	0.0	10.0	Noise
ElgXgJjGZbQ_110000_120000.wav	0.0	10.0	Voice
ElgXgJjGZbQ_110000_120000.wav	0.0	10.0	Noise
yf9GfnLIvcs_50000_60000.wav	0.0	10.0	Voice
o1KxfiuVeC0_210000_220000.wav	0.0	10.0	Voice
AUKrgZPP3IA_30000_40000.wav	0.0	10.0	Voice
kd3dDdKrya8_120000_130000.wav	0.0	10.0	Voice
0ApAdvqkSwg_30000_40000.wav	0.0	10.0	Voice
0ApAdvqkSwg_30000_40000.wav	0.0	10.0	Noise
W0RsAw5T7uQ_60000_70000.wav	0.0	10.0	Voice
mvhBL24GRsw_140000_150000.wav	0.0	10.0	Voice
mvhBL24GRsw_140000_150000.wav	0.0	10.0	Noise
BZ-iVeWna0M_200000_210000.wav	0.0	10.0	Voice
2QSz_Udp2z0_0_10000.wav	0.0	10.0	Voice
6iRNsRVcSCg_30000_40000.wav	0.0	10.0	Voice
